id,topic,likes,comments
695707917166339_1020248248045636,0,11,0
695707917166339_1020715491332245,0,0,0
695707917166339_1020571861346608,0,0,0
695707917166339_1019958381407956,0,3,0
695707917166339_1019341078136353,0,0,6
695707917166339_1019094854827642,0,25,1
695707917166339_1019334481470346,0,11,2
695707917166339_1019254311478363,0,0,3
695707917166339_1019021781501616,0,21,2
695707917166339_1019150881488706,0,0,1
695707917166339_1018758721527922,0,25,1
695707917166339_1018373234899804,0,1,2
695707917166339_1018698181533976,0,1,0
695707917166339_1018520908218370,0,4,2
695707917166339_1018758741527920,0,15,2
695707917166339_1018520944885033,0,25,4
695707917166339_1018521001551694,0,15,0
695707917166339_1017201411683653,0,0,7
695707917166339_1017001771703617,0,2,5
695707917166339_1017112388359222,0,6,7
695707917166339_1017651034972024,0,0,5
695707917166339_1017476341656160,0,25,5
695707917166339_1016833945053733,0,1,1
695707917166339_1017001745036953,0,4,3
695707917166339_1016833911720403,0,25,5
695707917166339_1016537108416750,0,20,5
695707917166339_1016545208415940,0,2,0
695707917166339_1016214385115689,0,3,0
695707917166339_1016310378439423,0,0,0
695707917166339_1015953858475075,0,25,9
695707917166339_1015953761808418,0,6,1
695707917166339_1015603631843431,0,3,5
695707917166339_1015706588499802,0,7,1
695707917166339_1014821991921595,0,9,2
695707917166339_1014994508571010,0,17,4
695707917166339_1015141441889650,0,2,1
695707917166339_1014918788578582,0,3,2
695707917166339_1014918751911919,0,18,7
695707917166339_1014821955254932,0,0,3
695707917166339_1014667058603755,0,0,0
695707917166339_1014135958656865,0,2,2
695707917166339_1013823972021397,0,2,8
695707917166339_1013885942015200,0,14,7
695707917166339_1013049762098818,0,21,1
695707917166339_1012949785442149,0,14,4
695707917166339_1012701152133679,0,2,0
695707917166339_1013189332084861,0,14,2
695707917166339_1012949925442135,0,25,15
695707917166339_1012148268855634,0,5,2
695707917166339_1012557745481353,0,0,5
695707917166339_1012418195495308,0,1,1
695707917166339_1012641875472940,0,0,2
695707917166339_1012418278828633,0,14,7
695707917166339_1011255448944916,0,1,0
695707917166339_1011476848922776,0,8,4
695707917166339_1011890172214777,0,4,9
695707917166339_1011855352218259,0,1,0
695707917166339_1011578178912643,0,1,2
695707917166339_1011578158912645,0,25,3
695707917166339_1011578232245971,0,0,0
695707917166339_1010965728973888,0,25,4
695707917166339_1011146192289175,0,6,4
695707917166339_1011146305622497,0,2,3
695707917166339_1011146165622511,0,2,3
695707917166339_1010728032330991,0,1,8
695707917166339_1009716459098815,0,0,4
695707917166339_1009968629073598,0,0,0
695707917166339_1009582912445503,0,1,1
695707917166339_1010112589059202,0,12,3
695707917166339_1009839842419810,0,3,2
695707917166339_1009968559073605,0,0,0
695707917166339_1009839875753140,0,2,2
695707917166339_1009415495795578,0,7,7
695707917166339_1009236822480112,0,3,1
695707917166339_1009316459138815,0,7,0
695707917166339_1009070902496704,0,6,5
695707917166339_1008692462534548,0,0,4
695707917166339_1008975965839531,0,0,2
695707917166339_1008829655854162,0,3,0
695707917166339_1008829699187491,0,1,0
695707917166339_1008897382514056,0,1,2
695707917166339_1008897439180717,0,0,1
695707917166339_1008692612534533,0,1,1
695707917166339_1008692652534529,0,1,3
695707917166339_1007794102624384,0,0,1
695707917166339_1008089395928188,0,3,0
695707917166339_1007826652621129,0,0,2
695707917166339_1008167379253723,0,1,2
695707917166339_1007591102644684,0,1,8
695707917166339_1005844279486033,0,0,1
695707917166339_1006733739397087,0,4,3
695707917166339_1006733576063770,0,4,9
695707917166339_1006482092755585,0,4,2
695707917166339_1006875946049533,0,3,2
695707917166339_1006199246117203,0,5,5
695707917166339_1005113449559116,0,25,1
695707917166339_1005113416225786,0,0,1
695707917166339_1005398382863956,0,3,0
695707917166339_1005113469559114,0,0,0
695707917166339_1005001729570288,0,2,2
695707917166339_1005221336214994,0,5,0
695707917166339_1005398436197284,0,3,3
695707917166339_1004737106263417,0,0,7
695707917166339_1004216462982148,0,0,0
695707917166339_1004737056263422,0,5,4
695707917166339_1004214676315660,0,1,0
695707917166339_1004544599616001,0,0,2
695707917166339_1003950603008734,0,25,1
695707917166339_1003169479753513,0,0,2
695707917166339_1003395923064202,0,0,0
695707917166339_1003950686342059,0,3,1
695707917166339_1003265526410575,0,7,3
695707917166339_1003950629675398,0,8,1
695707917166339_1003350123068782,0,0,0
695707917166339_1002576386479489,0,0,3
695707917166339_1002782053125589,0,1,1
695707917166339_1002408863162908,0,1,2
695707917166339_1002968836440244,0,7,5
695707917166339_1002118199858641,0,22,5
695707917166339_1002074619862999,0,0,0
695707917166339_1001494483254346,0,22,0
695707917166339_1001596186577509,0,5,3
695707917166339_1001681936568934,0,4,0
695707917166339_1001494469921014,0,25,3
695707917166339_1000962506640877,0,25,1
695707917166339_1001193986617729,0,0,2
695707917166339_1001191903284604,0,0,1
695707917166339_1000697170000744,0,25,13
695707917166339_999923550078106,0,0,1
695707917166339_1000193890051072,0,0,1
695707917166339_999835970086864,0,1,1
695707917166339_999923540078107,0,25,6
695707917166339_999985350071926,0,4,5
695707917166339_999674893436305,0,25,3
695707917166339_999774813426313,0,1,4
695707917166339_999835943420200,0,25,2
695707917166339_999415240128937,0,2,0
695707917166339_999377976799330,0,25,1
695707917166339_999415236795604,0,1,0
695707917166339_999169613486833,0,25,3
695707917166339_998959453507849,0,0,3
695707917166339_998567066880421,0,10,1
695707917166339_998775070192954,0,0,1
695707917166339_998775036859624,0,4,1
695707917166339_998296970240764,0,0,3
695707917166339_997477410322720,0,3,2
695707917166339_997548966982231,0,0,5
695707917166339_996955303708264,0,12,4
695707917166339_997412783662516,0,0,0
695707917166339_997240413679753,0,25,12
695707917166339_996905137046614,0,2,4
695707917166339_996807413723053,0,4,2
695707917166339_996780357059092,0,1,1
695707917166339_996363363767458,0,10,7
695707917166339_995745450495916,0,6,0
695707917166339_995931887143939,0,2,1
695707917166339_995970697140058,0,6,0
695707917166339_996014420469019,0,8,3
695707917166339_995863957150732,0,0,5
695707917166339_995058267231301,0,1,2
695707917166339_994748937262234,0,0,3
695707917166339_995434607193667,0,0,2
695707917166339_994748900595571,0,0,4
695707917166339_995315180538943,0,2,4
695707917166339_994748950595566,0,4,6
695707917166339_994521913951603,0,0,2
695707917166339_994561697280958,0,11,1
695707917166339_994268357310292,0,5,1
695707917166339_994687483935046,0,1,2
695707917166339_994144733989321,0,0,0
695707917166339_994134617323666,0,7,0
695707917166339_993915340678927,0,3,1
695707917166339_993977567339371,0,9,2
695707917166339_993786140691847,0,7,11
695707917166339_993915420678919,0,13,2
695707917166339_993451230725338,0,8,1
695707917166339_993451270725334,0,7,6
695707917166339_993609200709541,0,0,2
695707917166339_993669637370164,0,2,1
695707917166339_993067607430367,0,2,2
695707917166339_993235690746892,0,25,0
695707917166339_993026350767826,0,5,3
695707917166339_992938987443229,0,0,2
695707917166339_993067627430365,0,3,0
695707917166339_993186914085103,0,1,1
695707917166339_993026337434494,0,0,2
695707917166339_993235247413603,0,25,2
695707917166339_993015580768903,0,3,1
695707917166339_993067610763700,0,3,0
695707917166339_992804497456678,0,25,5
695707917166339_992496757487452,0,13,7
695707917166339_992230067514121,0,7,0
695707917166339_992341380836323,0,5,0
695707917166339_992005367536591,0,4,1
695707917166339_992290347508093,0,25,7
695707917166339_991506297586498,0,1,3
695707917166339_991350920935369,0,4,3
695707917166339_991350960935365,0,4,8
695707917166339_991015217635606,0,7,2
695707917166339_991390454264749,0,3,2
695707917166339_990760117661116,0,0,1
695707917166339_990662227670905,0,1,1
695707917166339_990782254325569,0,3,2
695707917166339_990055977731530,0,7,4
695707917166339_989861761084285,0,1,1
695707917166339_989969704406824,0,1,1
695707917166339_989338871136574,0,11,9
695707917166339_989312194472575,0,4,0
695707917166339_988976457839482,0,0,1
695707917166339_989112847825843,0,9,1
695707917166339_988907407846387,0,3,0
695707917166339_988930637844064,0,2,1
695707917166339_988775427859585,0,0,0
695707917166339_988777611192700,0,10,4
695707917166339_988707877866340,0,19,0
695707917166339_988278194575975,0,4,0
695707917166339_988251277912000,0,8,2
695707917166339_988132937923834,0,3,1
695707917166339_988153704588424,0,0,2
695707917166339_988132774590517,0,13,2
695707917166339_987647637972364,0,0,0
695707917166339_987672234636571,0,20,4
695707917166339_987700047967123,0,0,0
695707917166339_987698404633954,0,1,1
695707917166339_987593954644399,0,9,3
695707917166339_987908157946312,0,25,3
695707917166339_987482801322181,0,0,3
695707917166339_987482691322192,0,4,1
695707917166339_987254801344981,0,0,1
695707917166339_987055884698206,0,0,1
695707917166339_986528468084281,0,18,7
695707917166339_986841181386343,0,1,4
695707917166339_986866288050499,0,25,2
695707917166339_986866278050500,0,0,6
695707917166339_986585484745246,0,2,4
695707917166339_986388661431595,0,7,1
695707917166339_986443318092796,0,0,3
695707917166339_986209404782854,0,5,14
695707917166339_986386584765136,0,25,2
695707917166339_986408498096278,0,1,5
695707917166339_986329891437472,0,1,1
695707917166339_986052701465191,0,5,1
695707917166339_985873074816487,0,25,1
695707917166339_985873054816489,0,1,0
695707917166339_985838884819906,0,1,0
695707917166339_986030264800768,0,2,4
695707917166339_985678894835905,0,25,2
695707917166339_985413914862403,0,25,16
695707917166339_985352708201857,0,4,1
695707917166339_985282531542208,0,17,3
695707917166339_985306148206513,0,1,1
695707917166339_985260008211127,0,8,1
695707917166339_985243118212816,0,0,0
695707917166339_985054378231690,0,16,3
695707917166339_984967984906996,0,11,9
695707917166339_984964108240717,0,1,3
695707917166339_985055738231554,0,1,10
695707917166339_984726614931133,0,23,25
695707917166339_984299254973869,0,13,1
695707917166339_984535241616937,0,2,0
695707917166339_984516551618806,0,11,4
695707917166339_983939775009817,0,0,2
695707917166339_983960908341037,0,2,0
695707917166339_983982458338882,0,1,1
695707917166339_983685245035270,0,1,13
695707917166339_983566961713765,0,7,5
695707917166339_983387698398358,0,20,2
695707917166339_983325135071281,0,4,7
695707917166339_983305625073232,0,8,4
695707917166339_983325191737942,0,6,3
695707917166339_983566425047152,0,0,5
695707917166339_982896738447454,0,0,3
695707917166339_983086471761814,0,19,1
695707917166339_983005325103262,0,3,4
695707917166339_982837211786740,0,14,1
695707917166339_982701661800295,0,15,4
695707917166339_982506671819794,0,0,4
695707917166339_982820825121712,0,3,1
695707917166339_982285995175195,0,1,4
695707917166339_982325728504555,0,16,6
695707917166339_982317198505408,0,0,1
695707917166339_982445095159285,0,2,8
695707917166339_982286015175193,0,5,3
695707917166339_981725248564603,0,6,4
695707917166339_981725231897938,0,0,0
695707917166339_981752911895170,0,0,5
695707917166339_981725211897940,0,21,5
695707917166339_981639621906499,0,1,8
695707917166339_981275181942943,0,0,3
695707917166339_981664081904053,0,1,11
695707917166339_981639461906515,0,5,9
695707917166339_981664068570721,0,0,1
695707917166339_981639508573177,0,1,0
695707917166339_980880658649062,0,5,25
695707917166339_981242751946186,0,8,5
695707917166339_981242741946187,0,3,0
695707917166339_980880391982422,0,8,0
695707917166339_980674998669628,0,10,1
695707917166339_981031408633987,0,6,3
695707917166339_981242731946188,0,4,3
695707917166339_980926028644525,0,2,0
695707917166339_980593572011104,0,0,3
695707917166339_980593542011107,0,0,1
695707917166339_980457758691352,0,4,0
695707917166339_980490825354712,0,0,3
695707917166339_980457775358017,0,25,25
695707917166339_980490908688037,0,6,7
695707917166339_980657188671409,0,1,0
695707917166339_980490958688032,0,1,6
695707917166339_980432822027179,0,25,4
695707917166339_980563735347421,0,0,2
695707917166339_980563708680757,0,0,0
695707917166339_980258845377910,0,2,0
695707917166339_979896488747479,0,3,1
695707917166339_979980782072383,0,6,7
695707917166339_979951972075264,0,4,6
695707917166339_980002808736847,0,9,3
695707917166339_979875592082902,0,24,2
695707917166339_980432805360514,0,0,5
695707917166339_979906822079779,0,1,5
695707917166339_979703138766814,0,2,1
695707917166339_979867915417003,0,0,4
695707917166339_979778465425948,0,25,5
695707917166339_979875448749583,0,5,7
695707917166339_979499442120517,0,1,0
695707917166339_979867868750341,0,1,9
695707917166339_979527422117719,0,4,4
695707917166339_979760982094363,0,3,3
695707917166339_979875505416244,0,5,7
695707917166339_979336062136855,0,2,1
695707917166339_979447532125708,0,0,0
695707917166339_979286242141837,0,2,1
695707917166339_979031832167278,0,6,9
695707917166339_979264175477377,0,4,2
695707917166339_979264182144043,0,17,5
695707917166339_979031838833944,0,6,5
695707917166339_979264198810708,0,4,3
695707917166339_979057348831393,0,25,0
695707917166339_978522428884885,0,19,1
695707917166339_978830338854094,0,17,1
695707917166339_978556388881489,0,8,2
695707917166339_978259452244516,0,3,6
695707917166339_978502835553511,0,23,5
695707917166339_978161932254268,0,5,8
695707917166339_977699048967223,0,16,4
695707917166339_977919208945207,0,2,3
695707917166339_977381445665650,0,25,4
695707917166339_977054909031637,0,4,1
695707917166339_977180702352391,0,25,0
695707917166339_977557092314752,0,7,2
695707917166339_977557062314755,0,5,1
695707917166339_976957325708062,0,10,2
695707917166339_976791172391344,0,8,4
695707917166339_977031129034015,0,8,0
695707917166339_976634085740386,0,3,0
695707917166339_976791152391346,0,1,1
695707917166339_976624125741382,0,9,0
695707917166339_976624169074711,0,0,3
695707917166339_976624142408047,0,0,2
695707917166339_976585519078576,0,6,1
695707917166339_976549469082181,0,3,6
695707917166339_976610449076083,0,4,5
695707917166339_976030902467371,0,3,1
695707917166339_975758535827941,0,14,8
695707917166339_975642139172914,0,9,1
695707917166339_975739445829850,0,4,0
695707917166339_975704005833394,0,1,1
695707917166339_976006629136465,0,2,7
695707917166339_974934609243667,0,18,1
695707917166339_975168935886901,0,1,0
695707917166339_975110562559405,0,0,6
695707917166339_975168922553569,0,6,6
695707917166339_975110579226070,0,5,6
695707917166339_975072915896503,0,25,3
695707917166339_975072862563175,0,2,1
695707917166339_974744429262685,0,3,3
695707917166339_974909162579545,0,2,3
695707917166339_974843619252766,0,19,4
695707917166339_974498182620643,0,8,7
695707917166339_974456925958102,0,12,3
695707917166339_974011119336016,0,4,2
695707917166339_973964686007326,0,1,0
695707917166339_974049265998868,0,18,0
695707917166339_973704412700020,0,17,0
695707917166339_973634406040354,0,25,11
695707917166339_973682539368874,0,25,1
695707917166339_973704406033354,0,5,8
695707917166339_973634622706999,0,11,1
695707917166339_973729959364132,0,25,1
695707917166339_973650629372065,0,11,7
695707917166339_973454002725061,0,3,5
695707917166339_973138409423287,0,2,4
695707917166339_973137592756702,0,0,2
695707917166339_973415492728912,0,0,4
695707917166339_973137819423346,0,13,3
695707917166339_973019696101825,0,0,5
695707917166339_972872616116533,0,2,5
695707917166339_972855799451548,0,1,6
695707917166339_973019752768486,0,0,1
695707917166339_972371332833328,0,2,1
695707917166339_972373559499772,0,2,2
695707917166339_972481562822305,0,19,10
695707917166339_972373569499771,0,1,6
695707917166339_972373589499769,0,4,1
695707917166339_972391446164650,0,9,7
695707917166339_972576969479431,0,0,0
695707917166339_972371299499998,0,0,0
695707917166339_971956272874834,0,5,4
695707917166339_972304586173336,0,25,0
695707917166339_972325386171256,0,0,1
695707917166339_972005309536597,0,4,2
695707917166339_972358239501304,0,4,8
695707917166339_972371306166664,0,2,7
695707917166339_971956269541501,0,2,0
695707917166339_972325342837927,0,1,0
695707917166339_971430872927374,0,0,1
695707917166339_971719946231800,0,25,0
695707917166339_971700169567111,0,0,3
695707917166339_971930339544094,0,1,2
695707917166339_971404326263362,0,3,9
695707917166339_970925822977879,0,6,6
695707917166339_971108006292994,0,3,1
695707917166339_971334592937002,0,4,4
695707917166339_970800469657081,0,3,8
695707917166339_970802922990169,0,3,1
695707917166339_970901379646990,0,0,1
695707917166339_970802986323496,0,25,4
695707917166339_970770492993412,0,0,0
695707917166339_970802949656833,0,0,4
695707917166339_970795986324196,0,3,2
695707917166339_970800476323747,0,4,0
695707917166339_970802939656834,0,2,4
695707917166339_970742106329584,0,25,13
695707917166339_970217106382084,0,11,8
695707917166339_970217076382087,0,4,5
695707917166339_970352779701850,0,5,4
695707917166339_970075196396275,0,4,2
695707917166339_970182493052212,0,1,1
695707917166339_970124299724698,0,19,2
695707917166339_969756586428136,0,8,3
695707917166339_970108153059646,0,1,3
695707917166339_969556666448128,0,0,2
695707917166339_969725583097903,0,5,0
695707917166339_969605326443262,0,0,0
695707917166339_969584156445379,0,8,0
695707917166339_969668779770250,0,0,0
695707917166339_969628693107592,0,0,2
695707917166339_969479383122523,0,0,2
695707917166339_969137723156689,0,7,2
695707917166339_969067166497078,0,1,2
695707917166339_968882669848861,0,1,0
695707917166339_968905146513280,0,0,0
695707917166339_968490899888038,0,2,0
695707917166339_968513043219157,0,0,0
695707917166339_968540183216443,0,0,1
695707917166339_968323399904788,0,25,5
695707917166339_968323413238120,0,5,1
695707917166339_968094993260962,0,18,4
695707917166339_968350773235384,0,0,2
695707917166339_968490869888041,0,0,3
695707917166339_968460469891081,0,25,6
695707917166339_967129860024142,0,5,4
695707917166339_967593446644450,0,1,4
695707917166339_967194363351025,0,1,2
695707917166339_967736583296803,0,9,6
695707917166339_967653069971821,0,1,2
695707917166339_967129780024150,0,6,1
695707917166339_966637606740034,0,4,8
695707917166339_967039343366527,0,9,1
695707917166339_967068216696973,0,3,6
695707917166339_966831440053984,0,25,16
695707917166339_966812946722500,0,7,5
695707917166339_966573136746481,0,0,1
695707917166339_966573496746445,0,6,7
695707917166339_966307183439743,0,11,5
695707917166339_965846206819174,0,6,2
695707917166339_966307213439740,0,1,1
695707917166339_966244013446060,0,0,3
695707917166339_965298563540605,0,23,1
695707917166339_965824743487987,0,3,1
695707917166339_965596173510844,0,25,8
695707917166339_965128076890987,0,25,2
695707917166339_965073033563158,0,2,2
695707917166339_964981390238989,0,6,1
695707917166339_964607996942995,0,12,3
695707917166339_964551543615307,0,2,2
695707917166339_964585780278550,0,1,7
695707917166339_964739166929878,0,6,3
695707917166339_964739066929888,0,3,16
695707917166339_964663253604136,0,2,2
695707917166339_964501510286977,0,4,4
695707917166339_964717490265379,0,0,0
695707917166339_964530313617430,0,1,4
695707917166339_963954077008387,0,1,8
695707917166339_963981003672361,0,19,7
695707917166339_964476956956099,0,3,3
695707917166339_963981020339026,0,20,3
695707917166339_963505787053216,0,10,1
695707917166339_963658137037981,0,19,3
695707917166339_963561953714266,0,19,0
695707917166339_963827553687706,0,10,3
695707917166339_963378817065913,0,5,4
695707917166339_963200397083755,0,18,6
695707917166339_963483260388802,0,25,2
695707917166339_963416900395438,0,8,1
695707917166339_963378790399249,0,24,6
695707917166339_963406223729839,0,19,0
695707917166339_963187477085047,0,10,3
695707917166339_962916090445519,0,18,1
695707917166339_962998977103897,0,3,4
695707917166339_963033887100406,0,25,7
695707917166339_963106220426506,0,6,0
695707917166339_962998793770582,0,0,0
695707917166339_963129593757502,0,2,0
695707917166339_962539853816476,0,25,1
695707917166339_962515767152218,0,25,8
695707917166339_962292800507848,0,2,2
695707917166339_962107173859744,0,0,1
695707917166339_962406453829816,0,5,5
695707917166339_962313970505731,0,25,1
695707917166339_962424817161313,0,1,6
695707917166339_961903257213469,0,0,0
695707917166339_961709697232825,0,2,3
695707917166339_961710303899431,0,4,2
695707917166339_961427027261092,0,0,15
695707917166339_961488223921639,0,0,5
695707917166339_961488240588304,0,1,0
695707917166339_961553417248453,0,8,6
695707917166339_960904223980039,0,12,3
695707917166339_961199420617186,0,3,1
695707917166339_961292843941177,0,1,1
695707917166339_961292863941175,0,0,0
695707917166339_960904217313373,0,20,0
695707917166339_960719337331861,0,8,18
695707917166339_960844870652641,0,3,4
695707917166339_960673847336410,0,1,6
695707917166339_960867917317003,0,1,1
695707917166339_960719370665191,0,11,0
695707917166339_960844407319354,0,3,4
695707917166339_960468380690290,0,1,2
695707917166339_960293004041161,0,5,9
695707917166339_960642804006181,0,0,0
695707917166339_960291794041282,0,5,3
695707917166339_960291650707963,0,1,1
695707917166339_960293317374463,0,2,3
695707917166339_959964064074055,0,12,15
695707917166339_959037484166713,0,25,2
695707917166339_959339054136556,0,9,3
695707917166339_959206757483119,0,0,2
695707917166339_959368394133622,0,2,9
695707917166339_958571634213298,0,1,2
695707917166339_958188150918313,0,0,0
695707917166339_958349357568859,0,4,3
695707917166339_958539484216513,0,6,1
695707917166339_957952904275171,0,2,5
695707917166339_958211487582646,0,2,1
695707917166339_958518490885279,0,13,10
695707917166339_958211507582644,0,21,2
695707917166339_957891864281275,0,13,1
695707917166339_957618977641897,0,25,0
695707917166339_957457210991407,0,2,3
695707917166339_957458530991275,0,0,1
695707917166339_957082267695568,0,25,7
695707917166339_957053121031816,0,25,0
695707917166339_956967544373707,0,14,0
695707917166339_956969464373515,0,17,5
695707917166339_956620431075085,0,1,1
695707917166339_956594334411028,0,11,0
695707917166339_956355137768281,0,8,5
695707917166339_956270424443419,0,3,5
695707917166339_956270431110085,0,0,6
695707917166339_955974677806327,0,9,12
695707917166339_954924654577996,0,12,1
695707917166339_955281754542286,0,0,1
695707917166339_954924537911341,0,6,20
695707917166339_954731941263934,0,0,2
695707917166339_954215514648910,0,2,15
695707917166339_954124091324719,0,2,5
695707917166339_954293654641096,0,5,6
695707917166339_954190121318116,0,15,2
695707917166339_954237777980017,0,25,10
695707917166339_953129108090884,0,4,1
695707917166339_953522488051546,0,2,1
695707917166339_952947268109068,0,2,2
695707917166339_952947318109063,0,25,1
695707917166339_953099071427221,0,21,8
695707917166339_953073634763098,0,0,7
695707917166339_952634251473703,0,17,5
695707917166339_953099091427219,0,0,2
695707917166339_952415658162229,0,8,5
695707917166339_952334794836982,0,2,3
695707917166339_952314378172357,0,7,2
695707917166339_952461224824339,0,22,1
695707917166339_951418198261975,0,23,3
695707917166339_951733538230441,0,0,1
695707917166339_951054481631680,0,7,3
695707917166339_950388165031645,0,3,6
695707917166339_949792231757905,0,24,0
695707917166339_948954301841698,0,3,1
695707917166339_948330421904086,0,0,2
695707917166339_948303641906764,0,0,1
695707917166339_948487355221726,0,5,2
695707917166339_948158741921254,0,14,2
695707917166339_948001938603601,0,2,4
695707917166339_947772895293172,0,16,8
695707917166339_947213552015773,0,9,0
695707917166339_947465478657247,0,18,5
695707917166339_947748411962287,0,4,2
695707917166339_947017055368756,0,6,0
695707917166339_947110782026050,0,25,2
695707917166339_946353472101781,0,1,1
695707917166339_947168582020270,0,6,0
695707917166339_946353572101771,0,1,4
695707917166339_947168615353600,0,10,3
695707917166339_945596128844182,0,7,2
695707917166339_944244255646036,0,0,9
695707917166339_944833535587108,0,0,0
695707917166339_944244448979350,0,7,14
695707917166339_944939205576541,0,25,5
695707917166339_945262792210849,0,14,4
695707917166339_944111842325944,0,20,13
695707917166339_944111908992604,0,1,0
695707917166339_944003919003403,0,0,1
695707917166339_944003835670078,0,2,3
695707917166339_943637792373349,0,25,0
695707917166339_943564305714031,0,14,2
695707917166339_943324409071354,0,24,4
695707917166339_943544682382660,0,0,3
695707917166339_942941642442964,0,17,1
695707917166339_942941599109635,0,25,1
695707917166339_942925729111222,0,1,1
695707917166339_942342735836188,0,1,8
695707917166339_942330152504113,0,1,1
695707917166339_941600985910363,0,25,4
695707917166339_941574099246385,0,9,0
695707917166339_941174482619680,0,8,2
695707917166339_941555655914896,0,6,3
695707917166339_940822449321550,0,25,0
695707917166339_940547126015749,0,1,5
695707917166339_939867636083698,0,1,4
695707917166339_939845769419218,0,0,7
695707917166339_940040642733064,0,1,3
695707917166339_939992359404559,0,9,2
695707917166339_940276736042788,0,1,3
695707917166339_939321679471627,0,2,2
695707917166339_939339769469818,0,6,2
695707917166339_939085336161928,0,5,0
695707917166339_939019229501872,0,25,0
695707917166339_938675129536282,0,0,3
695707917166339_938890772848051,0,5,2
695707917166339_938420289561766,0,10,0
695707917166339_938435692893559,0,0,0
695707917166339_938448162892312,0,6,0
695707917166339_938003856270076,0,23,2
695707917166339_938078849595910,0,3,1
695707917166339_937594029644392,0,25,10
695707917166339_937521659651629,0,0,0
695707917166339_937687876301674,0,1,7
695707917166339_937521626318299,0,14,3
695707917166339_937537852983343,0,7,0
695707917166339_937594076311054,0,21,2
695707917166339_937130663024062,0,0,2
695707917166339_937130723024056,0,25,13
695707917166339_937266043010524,0,25,0
695707917166339_936980569705738,0,5,3
695707917166339_936963226374139,0,6,3
695707917166339_936999019703893,0,17,7
695707917166339_937113189692476,0,1,2
695707917166339_936999033037225,0,3,0
695707917166339_937016919702103,0,25,1
695707917166339_936980556372406,0,9,0
695707917166339_936664199737375,0,3,4
695707917166339_936448956425566,0,1,4
695707917166339_936326886437773,0,1,1
695707917166339_936482843088844,0,3,1
695707917166339_936564186414043,0,25,5
695707917166339_936307296439732,0,2,1
695707917166339_936111856459276,0,9,2
695707917166339_936151573121971,0,5,0
695707917166339_936151693121959,0,2,1
695707917166339_936247473112381,0,21,1
695707917166339_936185986451863,0,1,1
695707917166339_936185733118555,0,2,3
695707917166339_936224986447963,0,1,3
695707917166339_936037589800036,0,21,1
695707917166339_936067216463740,0,12,1
695707917166339_935693466501115,0,1,3
695707917166339_935734723163656,0,24,1
695707917166339_935633676507094,0,10,0
695707917166339_935716116498850,0,25,2
695707917166339_935669239836871,0,25,2
695707917166339_935602063176922,0,4,1
695707917166339_935534579850337,0,1,2
695707917166339_935617693175359,0,2,1
695707917166339_935589103178218,0,25,10
695707917166339_935047743232354,0,12,1
695707917166339_935029556567506,0,25,4
695707917166339_934820383255090,0,4,0
695707917166339_934862366584225,0,25,0
695707917166339_934820406588421,0,0,3
695707917166339_934862326584229,0,0,0
695707917166339_934675899936205,0,0,5
695707917166339_934693189934476,0,0,3
695707917166339_934732823263846,0,0,1
695707917166339_934175186652943,0,0,7
695707917166339_934171599986635,0,9,1
695707917166339_934171623319966,0,1,1
695707917166339_934156893321439,0,1,1
695707917166339_934373893299739,0,25,4
695707917166339_934152416655220,0,25,4
695707917166339_934156953321433,0,3,0
695707917166339_933965136673948,0,19,6
695707917166339_933758983361230,0,3,0
695707917166339_933710890032706,0,18,5
695707917166339_933690440034751,0,7,4
695707917166339_933595500044245,0,19,1
695707917166339_933710880032707,0,3,4
695707917166339_933472876723174,0,5,0
695707917166339_933262433410885,0,7,3
695707917166339_933248110078984,0,0,0
695707917166339_933218343415294,0,6,1
695707917166339_932905506779911,0,0,1
695707917166339_932513446819117,0,3,2
695707917166339_932620270141768,0,1,1
695707917166339_932493506821111,0,1,1
695707917166339_932601760143619,0,7,1
695707917166339_932493516821110,0,0,4
695707917166339_932493540154441,0,16,2
695707917166339_932341980169597,0,0,1
695707917166339_932341933502935,0,25,3
695707917166339_932293076841154,0,25,0
695707917166339_932296666840795,0,8,6
695707917166339_932061600197635,0,1,0
695707917166339_932432096827252,0,11,9
695707917166339_931995860204209,0,1,2
695707917166339_932038960199899,0,0,0
695707917166339_932061573530971,0,2,3
695707917166339_931880466882415,0,0,2
695707917166339_932016796868782,0,1,2
695707917166339_932016733535455,0,17,3
695707917166339_931839030219892,0,4,0
695707917166339_931581036912358,0,1,0
695707917166339_931476840256111,0,7,4
695707917166339_931844283552700,0,0,4
695707917166339_931827113554417,0,13,1
695707917166339_931464986923963,0,19,4
695707917166339_931443843592744,0,5,5
695707917166339_931429776927484,0,25,5
695707917166339_931111466959315,0,7,0
695707917166339_931153766955085,0,1,3
695707917166339_930955636974898,0,0,0
695707917166339_931135850290210,0,3,1
695707917166339_930536113683517,0,13,0
695707917166339_930536097016852,0,9,1
695707917166339_930536087016853,0,1,1
695707917166339_930553667015095,0,3,1
695707917166339_930604053676723,0,9,4
695707917166339_930645893672539,0,2,1
695707917166339_930700270333768,0,0,0
695707917166339_930675820336213,0,0,2
695707917166339_930882843648844,0,25,11
695707917166339_930553697015092,0,0,3
695707917166339_930442637026198,0,9,6
695707917166339_930521423684986,0,0,0
695707917166339_930289467041515,0,1,1
695707917166339_930458077024654,0,25,4
695707917166339_930057460398049,0,0,2
695707917166339_929758317094630,0,3,1
695707917166339_930057447064717,0,25,0
695707917166339_929752713761857,0,0,3
695707917166339_930239760379819,0,1,2
695707917166339_930239613713167,0,4,2
695707917166339_929749177095544,0,11,1
695707917166339_929673147103147,0,12,10
695707917166339_929435253793603,0,17,0
695707917166339_929574207113041,0,0,1
695707917166339_929726203764508,0,10,4
695707917166339_929727460431049,0,4,5
695707917166339_929691127101349,0,0,1
695707917166339_929156880488107,0,24,6
695707917166339_929183327152129,0,4,1
695707917166339_928857637184698,0,22,0
695707917166339_928857617184700,0,3,5
695707917166339_928903493846779,0,25,3
695707917166339_928903457180116,0,1,1
695707917166339_928914323845696,0,4,3
695707917166339_929142157156246,0,0,1
695707917166339_929127387157723,0,25,0
695707917166339_928720037198458,0,2,1
695707917166339_928712053865923,0,0,3
695707917166339_928695557200906,0,0,2
695707917166339_928816560522139,0,25,11
695707917166339_928461947224267,0,4,6
695707917166339_928375417232920,0,0,1
695707917166339_928527577217704,0,4,3
695707917166339_928506333886495,0,9,2
695707917166339_928485807221881,0,0,1
695707917166339_928485830555212,0,7,5
695707917166339_928293183907810,0,11,2
695707917166339_928119040591891,0,4,5
695707917166339_928293167241145,0,7,8
695707917166339_928058950597900,0,2,5
695707917166339_927995850604210,0,13,6
695707917166339_927972920606503,0,6,0
695707917166339_928006083936520,0,25,9
695707917166339_927950307275431,0,4,0
695707917166339_927782477292214,0,7,2
695707917166339_927906417279820,0,2,4
695707917166339_927767797293682,0,2,0
695707917166339_927509203986208,0,1,8
695707917166339_927536703983458,0,3,1
695707917166339_927509250652870,0,16,6
695707917166339_927536713983457,0,1,2
695707917166339_927585583978570,0,0,3
695707917166339_927388473998281,0,2,3
695707917166339_927335800670215,0,25,4
695707917166339_927387197331742,0,9,2
695707917166339_927387337331728,0,6,2
695707917166339_927417727328689,0,4,7
695707917166339_927432697327192,0,5,0
695707917166339_927349104002218,0,13,1
695707917166339_927335610670234,0,1,0
695707917166339_927102564026872,0,2,0
695707917166339_927208287349633,0,1,1
695707917166339_927122917358170,0,4,3
695707917166339_927274897342972,0,13,6
695707917166339_927011724035956,0,14,0
695707917166339_926652190738576,0,2,3
695707917166339_927059557364506,0,4,4
695707917166339_927059544031174,0,6,3
695707917166339_927034827366979,0,2,4
695707917166339_926993750704420,0,25,6
695707917166339_927011707369291,0,3,1
695707917166339_926510440752751,0,1,2
695707917166339_926626087407853,0,25,25
695707917166339_926564214080707,0,25,5
695707917166339_926586887411773,0,1,4
695707917166339_926195540784241,0,25,2
695707917166339_926195507450911,0,10,1
695707917166339_926116887458773,0,6,7
695707917166339_926070250796770,0,6,0
695707917166339_926141844122944,0,25,1
695707917166339_926023927468069,0,1,2
695707917166339_926002634136865,0,25,7
695707917166339_926054417465020,0,11,4
695707917166339_926054434131685,0,16,0
695707917166339_925828057487656,0,1,2
695707917166339_926002604136868,0,7,5
695707917166339_925973740806421,0,6,1
695707917166339_925622514174877,0,2,7
695707917166339_925808897489572,0,25,8
695707917166339_925622530841542,0,3,10
695707917166339_925678204169308,0,3,4
695707917166339_925808844156244,0,25,0
695707917166339_925678060835989,0,16,1
695707917166339_925285020875293,0,3,3
695707917166339_925450764192052,0,1,0
695707917166339_925270544210074,0,1,2
695707917166339_925143277556134,0,5,7
695707917166339_925248997545562,0,1,3
695707917166339_925056440898151,0,6,1
695707917166339_925043270899468,0,7,2
695707917166339_925043280899467,0,9,7
695707917166339_924641547606307,0,7,3
695707917166339_924931917577270,0,2,3
695707917166339_925015107568951,0,5,2
695707917166339_924560527614409,0,10,4
695707917166339_924666547603807,0,10,1
695707917166339_924426194294509,0,10,3
695707917166339_924190254318103,0,7,1
695707917166339_924515377618924,0,25,15
695707917166339_924190244318104,0,4,6
695707917166339_924515364285592,0,1,2
695707917166339_924478214289307,0,13,0
695707917166339_924426200961175,0,5,1
695707917166339_924049050998890,0,6,3
695707917166339_924105914326537,0,9,6
695707917166339_924066384330490,0,2,2
695707917166339_923986811005114,0,1,2
695707917166339_923986827671779,0,4,10
695707917166339_924170234320105,0,14,1
695707917166339_924085614328567,0,1,4
695707917166339_923926094344519,0,25,2
695707917166339_923799524357176,0,4,2
695707917166339_923642287706233,0,2,1
695707917166339_923660154371113,0,3,4
695707917166339_923660541037741,0,3,0
695707917166339_923644491039346,0,3,4
695707917166339_923559071047888,0,9,6
695707917166339_923717151032080,0,11,2
695707917166339_923316577738804,0,1,0
695707917166339_923312671072528,0,4,1
695707917166339_923253731078422,0,2,1
695707917166339_923121304424998,0,1,0
695707917166339_923170264420102,0,25,6
695707917166339_923170247753437,0,5,0
695707917166339_923079564429172,0,4,1
695707917166339_923079554429173,0,1,2
695707917166339_923105574426571,0,18,2
695707917166339_923105607759901,0,1,0
695707917166339_923208317749630,0,25,1
695707917166339_922788981124897,0,2,0
695707917166339_922901627780299,0,8,1
695707917166339_922566081147187,0,6,5
695707917166339_922712094465919,0,0,3
695707917166339_922768481126947,0,2,3
695707917166339_922768564460272,0,1,1
695707917166339_922693884467740,0,25,12
695707917166339_922788964458232,0,17,11
695707917166339_922727711131024,0,9,4
695707917166339_922727727797689,0,0,0
695707917166339_922424421161353,0,25,8
695707917166339_922425334494595,0,19,0
695707917166339_922334487837013,0,15,1
695707917166339_922447917825670,0,21,1
695707917166339_922424441161351,0,22,1
695707917166339_922509141152881,0,17,0
695707917166339_922334287837033,0,8,3
695707917166339_922353241168471,0,25,7
695707917166339_922248197845642,0,2,0
695707917166339_922314527839009,0,2,2
695707917166339_922260884511040,0,5,0
695707917166339_922032591200536,0,2,1
695707917166339_922284264508702,0,5,0
695707917166339_922248171178978,0,4,3
695707917166339_922248181178977,0,4,10
695707917166339_922045447865917,0,10,3
695707917166339_921929067877555,0,1,1
695707917166339_921974684539660,0,3,0
695707917166339_921911754545953,0,25,2
695707917166339_921874557883006,0,0,2
695707917166339_921974677872994,0,11,1
695707917166339_921930601210735,0,25,1
695707917166339_922005757869886,0,3,3
695707917166339_921911771212618,0,25,3
695707917166339_921836227886839,0,25,2
695707917166339_921580437912418,0,2,1
695707917166339_921821884554940,0,7,1
695707917166339_921810201222775,0,25,11
695707917166339_921559934581135,0,6,2
695707917166339_921559911247804,0,1,3
695707917166339_921850301218765,0,4,1
695707917166339_921515074585621,0,2,1
695707917166339_921537424583386,0,2,0
695707917166339_921341414602987,0,14,2
695707917166339_921314541272341,0,3,2
695707917166339_921385041265291,0,2,2
695707917166339_921491884587940,0,6,2
695707917166339_921559897914472,0,6,7
695707917166339_921297841274011,0,1,4
695707917166339_921402791263516,0,8,0
695707917166339_921269391276856,0,5,2
695707917166339_921134454623683,0,4,3
695707917166339_921151381288657,0,1,1
695707917166339_921283684608760,0,3,1
695707917166339_920916221312173,0,10,4
695707917166339_921001897970272,0,1,0
695707917166339_921067694630359,0,3,2
695707917166339_920916207978841,0,3,0
695707917166339_920592391344556,0,2,0
695707917166339_920868667983595,0,7,1
695707917166339_920868674650261,0,1,1
695707917166339_920853651318430,0,5,1
695707917166339_920706831333112,0,1,3
695707917166339_920616258008836,0,3,2
695707917166339_920464108024051,0,5,3
695707917166339_920436408026821,0,3,0
695707917166339_920482824688846,0,1,1
695707917166339_920517334685395,0,25,22
695707917166339_920533454683783,0,25,2
695707917166339_920482844688844,0,1,2
695707917166339_920464138024048,0,1,3
695707917166339_920149114722217,0,1,0
695707917166339_919993554737773,0,5,6
695707917166339_919950221408773,0,3,5
695707917166339_920101944726934,0,25,0
695707917166339_919971104740018,0,2,4
695707917166339_919993534737775,0,6,3
695707917166339_920102048060257,0,4,6
695707917166339_920149124722216,0,24,7
695707917166339_920158504721278,0,25,6
695707917166339_920122824724846,0,1,0
695707917166339_919817398088722,0,25,1
695707917166339_919817418088720,0,2,4
695707917166339_919682154768913,0,3,0
695707917166339_919796841424111,0,17,5
695707917166339_919796891424106,0,3,3
695707917166339_919515488118913,0,6,3
695707917166339_919534341450361,0,25,2
695707917166339_919619254775203,0,3,0
695707917166339_919359701467825,0,0,1
695707917166339_919534244783704,0,0,1
695707917166339_919603644776764,0,24,0
695707917166339_919330084804120,0,4,5
695707917166339_919199098150552,0,25,5
695707917166339_919234468147015,0,2,1
695707917166339_919330064804122,0,10,2
695707917166339_919118524825276,0,22,2
695707917166339_919071384829990,0,6,2
695707917166339_919118544825274,0,1,1
695707917166339_919100281493767,0,3,3
695707917166339_918629208207541,0,0,2
695707917166339_918545408215921,0,4,2
695707917166339_918823074854821,0,4,3
695707917166339_918576674879461,0,15,6
695707917166339_918823374854791,0,3,3
695707917166339_918784414858687,0,11,5
695707917166339_918665224870606,0,0,0
695707917166339_918384164898712,0,4,2
695707917166339_918343021569493,0,6,6
695707917166339_918342991569496,0,7,2
695707917166339_918384181565377,0,24,0
695707917166339_918302381573557,0,0,0
695707917166339_918299238240538,0,25,6
695707917166339_918249688245493,0,3,1
695707917166339_918086988261763,0,8,1
695707917166339_918104401593355,0,1,0
695707917166339_917789084958220,0,5,6
695707917166339_917840231619772,0,1,6
695707917166339_917812338289228,0,10,1
695707917166339_917789571624838,0,0,6
695707917166339_917347675002361,0,0,1
695707917166339_917369938333468,0,1,0
695707917166339_917495054987623,0,1,9
695707917166339_917148921688903,0,3,2
695707917166339_917348005002328,0,1,6
695707917166339_917347908335671,0,0,0
695707917166339_917421168328345,0,3,2
695707917166339_917305915006537,0,3,7
695707917166339_917003948370067,0,0,1
695707917166339_917085578361904,0,0,3
695707917166339_917103405026788,0,0,0
695707917166339_916941568376305,0,1,8
695707917166339_916962671707528,0,0,5
695707917166339_916841171719678,0,3,0
695707917166339_916856098384852,0,3,0
695707917166339_916870435050085,0,2,0
695707917166339_916856068384855,0,10,3
695707917166339_916801521723643,0,25,0
695707917166339_916762481727547,0,1,2
695707917166339_916745621729233,0,3,1
695707917166339_916762445060884,0,12,6
695707917166339_916801565056972,0,17,4
695707917166339_916745641729231,0,25,3
695707917166339_916745665062562,0,2,2
695707917166339_916801538390308,0,3,1
695707917166339_916598771743918,0,13,3
695707917166339_916598728410589,0,3,4
695707917166339_916605085076620,0,0,1
695707917166339_916272265109902,0,2,4
695707917166339_916213451782450,0,1,6
695707917166339_915865455150583,0,25,15
695707917166339_915865481817247,0,0,2
695707917166339_915852828485179,0,2,2
695707917166339_915896081814187,0,2,3
695707917166339_915964791807316,0,1,0
695707917166339_915852838485178,0,7,6
695707917166339_915914575145671,0,2,1
695707917166339_915943135142815,0,8,3
695707917166339_915964845140644,0,0,5
695707917166339_915914588479003,0,9,2
695707917166339_915964808473981,0,2,4
695707917166339_915636548506807,0,2,2
695707917166339_915642418506220,0,1,5
695707917166339_915678821835913,0,5,0
695707917166339_915742955162833,0,13,5
695707917166339_915710861832709,0,0,1
695707917166339_915460388524423,0,8,9
695707917166339_915515705185558,0,4,4
695707917166339_915616141842181,0,8,1
695707917166339_915616735175455,0,3,2
695707917166339_915181691885626,0,0,8
695707917166339_915241401879655,0,6,9
695707917166339_915183788552083,0,2,7
695707917166339_915160208554441,0,6,20
695707917166339_915135948556867,0,25,8
695707917166339_915220241881771,0,25,2
695707917166339_915158311887964,0,3,5
695707917166339_915135775223551,0,7,0
695707917166339_914968221906973,0,25,6
695707917166339_914985221905273,0,25,1
695707917166339_914790605258068,0,25,3
695707917166339_915001175237011,0,0,2
695707917166339_915001165237012,0,0,4
695707917166339_914596231944172,0,1,6
695707917166339_914744368596025,0,1,4
695707917166339_914710745266054,0,2,5
695707917166339_914642081939587,0,0,9
695707917166339_914662175270911,0,6,1
695707917166339_914608785276250,0,0,5
695707917166339_914438475293281,0,11,3
695707917166339_914396251964170,0,0,2
695707917166339_914582921945503,0,2,1
695707917166339_914438491959946,0,0,6
695707917166339_914312341972561,0,0,0
695707917166339_914312365305892,0,0,0
695707917166339_914113191992476,0,0,0
695707917166339_914289291974866,0,0,1
695707917166339_914113265325802,0,11,5
695707917166339_913807332023062,0,4,0
695707917166339_913915092012286,0,25,9
695707917166339_913939288676533,0,1,11
695707917166339_913684465368682,0,5,3
695707917166339_913777545359374,0,1,3
695707917166339_913775805359548,0,25,1
695707917166339_913515888718873,0,0,2
695707917166339_913275315409597,0,1,12
695707917166339_913562252047570,0,0,1
695707917166339_913562278714234,0,18,11
695707917166339_913243912079404,0,25,5
695707917166339_913079318762530,0,2,0
695707917166339_912817058788756,0,0,0
695707917166339_912937768776685,0,15,0
695707917166339_912903142113481,0,15,3
695707917166339_912837462120049,0,2,3
695707917166339_912856822118113,0,5,4
695707917166339_912743342129461,0,0,3
695707917166339_912596658810796,0,0,0
695707917166339_912582815478847,0,7,6
695707917166339_912596668810795,0,0,1
695707917166339_912312458839216,0,1,0
695707917166339_912486788821783,0,15,8
695707917166339_912312408839221,0,13,4
695707917166339_912245198845942,0,0,1
695707917166339_912222172181578,0,2,2
695707917166339_911950922208703,0,5,3
695707917166339_911951178875344,0,25,2
695707917166339_911656745571454,0,25,6
695707917166339_911813598889102,0,0,2
695707917166339_911811942222601,0,20,0
695707917166339_911811915555937,0,5,3
695707917166339_911338178936644,0,0,4
695707917166339_911367325600396,0,18,1
695707917166339_911240745613054,0,6,4
695707917166339_910977728972689,0,5,1
695707917166339_910996418970820,0,2,3
695707917166339_911240692279726,0,1,4
695707917166339_911224798947982,0,25,7
695707917166339_910881102315685,0,8,3
695707917166339_910900788980383,0,0,5
695707917166339_910856772318118,0,0,1
695707917166339_910950072308788,0,5,5
695707917166339_910950108975451,0,19,3
695707917166339_910926675644461,0,2,3
695707917166339_910733058997156,0,10,5
695707917166339_910751198995342,0,10,4
695707917166339_910727498997712,0,21,4
695707917166339_910732978997164,0,0,1
695707917166339_910218539048608,0,7,7
695707917166339_910317042372091,0,25,0
695707917166339_910392915697837,0,0,4
695707917166339_910392429031219,0,0,1
695707917166339_910392369031225,0,0,2
695707917166339_910430605694068,0,25,7
695707917166339_910416745695454,0,0,0
695707917166339_910317022372093,0,0,1
695707917166339_910299099040552,0,10,14
695707917166339_910392115697917,0,1,3
695707917166339_909984399072022,0,0,1
695707917166339_910059112397884,0,1,1
695707917166339_910038449066617,0,2,1
695707917166339_909984339072028,0,0,3
695707917166339_910170535720075,0,3,3
695707917166339_909883879082074,0,3,6
695707917166339_909899482413847,0,9,3
695707917166339_909796635757465,0,25,13
695707917166339_909978529072609,0,3,9
695707917166339_909796569090805,0,13,1
695707917166339_909577045779424,0,0,7
695707917166339_909521712451624,0,2,13
695707917166339_909381469132315,0,25,2
695707917166339_908882872515508,0,25,5
695707917166339_909014115835717,0,23,1
695707917166339_909068412496954,0,1,8
695707917166339_909030815834047,0,1,5
695707917166339_909068439163618,0,5,6
695707917166339_909119685825160,0,25,3
695707917166339_908574675879661,0,2,3
695707917166339_908738132529982,0,5,4
695707917166339_908594095877719,0,1,7
695707917166339_908786055858523,0,0,2
695707917166339_908738162529979,0,1,2
695707917166339_908594082544387,0,0,7
695707917166339_908808299189632,0,1,8
695707917166339_908298809240581,0,0,5
695707917166339_908494839220978,0,0,2
695707917166339_908254135911715,0,4,17
695707917166339_908480155889113,0,8,3
695707917166339_908438452559950,0,18,5
695707917166339_908254119245050,0,1,2
695707917166339_908506099219852,0,4,2
695707917166339_908198095917319,0,25,6
695707917166339_907987149271747,0,14,7
695707917166339_908232825913846,0,14,2
695707917166339_907788509291611,0,0,1
695707917166339_907741259296336,0,16,15
695707917166339_907741155963013,0,7,1
695707917166339_907788562624939,0,3,0
695707917166339_907606402643155,0,10,9
695707917166339_907593205977808,0,6,5
695707917166339_907606372643158,0,3,5
695707917166339_907387845998344,0,5,4
695707917166339_907541859316276,0,1,3
695707917166339_907740902629705,0,2,3
695707917166339_907619472641848,0,6,9
695707917166339_907521292651666,0,4,1
695707917166339_907293866007742,0,5,1
695707917166339_907360012667794,0,0,1
695707917166339_907358659334596,0,2,1
695707917166339_907387389331723,0,0,4
695707917166339_907293842674411,0,19,4
695707917166339_907358719334590,0,6,3
695707917166339_907129369357525,0,0,0
695707917166339_907226332681162,0,0,1
695707917166339_907210246016104,0,25,14
695707917166339_907129386024190,0,20,2
695707917166339_906952782708517,0,0,0
695707917166339_906952759375186,0,3,6
695707917166339_906868742716921,0,25,19
695707917166339_906868722716923,0,3,1
695707917166339_907085362695259,0,13,2
695707917166339_906784272725368,0,6,0
695707917166339_906488202754975,0,1,3
695707917166339_906843629386099,0,25,18
695707917166339_906488652754930,0,0,2
695707917166339_906383222765473,0,1,2
695707917166339_906332022770593,0,16,10
695707917166339_906361352767660,0,0,5
695707917166339_906005732803222,0,8,5
695707917166339_906280309442431,0,3,2
695707917166339_906005642803231,0,2,1
695707917166339_906280329442429,0,15,5
695707917166339_906257602778035,0,5,0
695707917166339_905869966150132,0,0,0
695707917166339_906280276109101,0,4,2
695707917166339_905605916176537,0,8,9
695707917166339_905843922819403,0,8,4
695707917166339_905843876152741,0,13,1
695707917166339_905603999510062,0,16,4
695707917166339_905753589495103,0,5,7
695707917166339_905575679512894,0,1,4
695707917166339_905331706203958,0,3,1
695707917166339_905332346203894,0,14,2
695707917166339_905574246179704,0,25,13
695707917166339_905574272846368,0,7,5
695707917166339_905454322858363,0,6,7
695707917166339_905332482870547,0,2,2
695707917166339_905552732848522,0,0,0
695707917166339_905311829539279,0,2,0
695707917166339_905406999529762,0,0,5
695707917166339_905189162884879,0,15,8
695707917166339_905104169560045,0,8,0
695707917166339_905146086222520,0,1,2
695707917166339_905163326220796,0,3,2
695707917166339_905083602895435,0,4,2
695707917166339_904926872911108,0,1,0
695707917166339_904886582915137,0,25,1
695707917166339_904991732904622,0,9,6
695707917166339_904908149579647,0,20,2
695707917166339_904734586263670,0,4,1
695707917166339_904715176265611,0,7,4
695707917166339_904647869605675,0,0,2
695707917166339_904683849602077,0,2,5
695707917166339_904473729623089,0,8,2
695707917166339_904326582971137,0,25,0
695707917166339_904344729635989,0,0,5
695707917166339_904277796309349,0,5,6
695707917166339_904277696309359,0,7,3
695707917166339_904032026333926,0,6,11
695707917166339_903781993025596,0,0,0
695707917166339_903490536388075,0,25,25
695707917166339_903415026395626,0,4,5
695707917166339_903414843062311,0,0,0
695707917166339_903556113048184,0,0,4
695707917166339_903455936391535,0,4,0
695707917166339_903635419706920,0,22,6
695707917166339_903591339711328,0,0,0
695707917166339_903264236410705,0,25,13
695707917166339_903011786435950,0,25,10
695707917166339_903016089768853,0,6,2
695707917166339_903287849741677,0,25,0
695707917166339_903287826408346,0,25,5
695707917166339_902992226437906,0,12,5
695707917166339_902968416440287,0,25,12
695707917166339_902794146457714,0,0,5
695707917166339_902364449834017,0,25,5
695707917166339_902503316486797,0,8,6
695707917166339_902130333190762,0,25,3
695707917166339_902130193190776,0,25,4
695707917166339_902167969853665,0,10,2
695707917166339_901990276538101,0,25,5
695707917166339_901876013216194,0,7,11
695707917166339_902082153195580,0,14,13
695707917166339_901776756559453,0,15,0
695707917166339_901680499902412,0,3,2
695707917166339_901652873238508,0,15,5
695707917166339_901801993223596,0,25,14
695707917166339_901856509884811,0,3,2
695707917166339_901823853221410,0,6,11
695707917166339_901823933221402,0,3,9
695707917166339_901327223271073,0,16,7
695707917166339_901581839912278,0,1,6
695707917166339_901401553263640,0,2,3
695707917166339_901401619930300,0,0,1
695707917166339_901615653242230,0,4,2
695707917166339_901291639941298,0,13,3
695707917166339_901247756612353,0,12,1
695707917166339_901247739945688,0,3,3
695707917166339_901043073299488,0,0,0
695707917166339_900986666638462,0,9,9
695707917166339_900890176648111,0,1,1
695707917166339_901043103299485,0,19,9
695707917166339_901135403290255,0,25,3
695707917166339_901042989966163,0,3,13
695707917166339_900801236657005,0,25,0
695707917166339_900856209984841,0,2,3
695707917166339_900778519992610,0,5,9
695707917166339_900878306649298,0,6,1
695707917166339_900801243323671,0,13,4
695707917166339_900460143357781,0,7,1
695707917166339_900460480024414,0,13,5
695707917166339_900178756719253,0,25,4
695707917166339_900500600020402,0,1,1
695707917166339_899877830082679,0,25,9
695707917166339_900104680059994,0,23,2
695707917166339_899878280082634,0,9,5
695707917166339_899879840082478,0,1,5
695707917166339_899469580123504,0,4,0
695707917166339_899777123426083,0,19,3
695707917166339_899718270098635,0,2,4
695707917166339_899412826795846,0,8,1
695707917166339_899139810156481,0,5,15
695707917166339_899411216796007,0,0,3
695707917166339_899139830156479,0,8,5
695707917166339_898891973514598,0,9,6
695707917166339_898757636861365,0,25,17
695707917166339_898631496873979,0,3,3
695707917166339_898612376875891,0,2,1
695707917166339_898612413542554,0,4,11
695707917166339_898934093510386,0,11,2
695707917166339_898934066843722,0,2,5
695707917166339_898295353574260,0,25,7
695707917166339_898530073550788,0,9,3
695707917166339_898311333572662,0,17,1
695707917166339_898473416889787,0,25,4
695707917166339_898473486889780,0,5,1
695707917166339_898290490241413,0,2,3
695707917166339_898219293581866,0,8,4
695707917166339_898146346922494,0,2,5
695707917166339_898146400255822,0,6,2
695707917166339_897265813677214,0,6,3
695707917166339_897887010281761,0,5,7
695707917166339_897183923685403,0,3,5
695707917166339_897398913663904,0,1,1
695707917166339_897184113685384,0,13,3
695707917166339_896538547083274,0,5,4
695707917166339_896932100377252,0,3,4
695707917166339_896568570413605,0,0,3
695707917166339_896614917075637,0,1,1
695707917166339_896538060416656,0,12,10
695707917166339_896568557080273,0,25,4
695707917166339_896707877066341,0,5,5
695707917166339_896662627070866,0,25,0
695707917166339_896308697106259,0,7,3
695707917166339_896308687106260,0,25,9
695707917166339_896007463803049,0,23,4
695707917166339_896041963799599,0,5,1
695707917166339_896160047121124,0,13,3
695707917166339_896041950466267,0,17,2
695707917166339_895555070514955,0,1,1
695707917166339_895899287147200,0,1,4
695707917166339_895705473833248,0,25,10
695707917166339_895630133840782,0,1,4
695707917166339_895705423833253,0,4,10
695707917166339_895655613838234,0,3,1
695707917166339_895576097179519,0,25,6
695707917166339_894977627239366,0,25,6
695707917166339_895389713864824,0,22,4
695707917166339_895284743875321,0,0,3
695707917166339_895332540537208,0,10,0
695707917166339_895030683900727,0,22,2
695707917166339_894918300578632,0,3,1
695707917166339_894825427254586,0,25,8
695707917166339_894825480587914,0,8,0
695707917166339_894868003916995,0,11,7
695707917166339_894314797305649,0,2,11
695707917166339_894314820638980,0,22,4
695707917166339_894392580631204,0,3,1
695707917166339_894352220635240,0,25,4
695707917166339_894408983962897,0,0,4
695707917166339_894392567297872,0,25,8
695707917166339_894280750642387,0,0,1
695707917166339_894280767309052,0,1,6
695707917166339_893819607355168,0,2,7
695707917166339_893852870685175,0,25,9
695707917166339_893674637369665,0,19,1
695707917166339_893513844052411,0,5,1
695707917166339_893210330749429,0,5,0
695707917166339_893410814062714,0,25,4
695707917166339_893369190733543,0,5,7
695707917166339_893334957403633,0,0,2
695707917166339_893334777403651,0,25,7
695707917166339_893441787392950,0,6,7
695707917166339_892849537452175,0,25,7
695707917166339_892766107460518,0,0,2
695707917166339_893088647428264,0,25,5
695707917166339_892873864116409,0,4,5
695707917166339_892765860793876,0,1,4
695707917166339_892873887449740,0,9,5
695707917166339_892832940787168,0,7,2
695707917166339_892457630824699,0,24,4
695707917166339_892220024181793,0,0,4
695707917166339_892350317502097,0,11,10
695707917166339_892204624183333,0,19,2
695707917166339_892488580821604,0,7,0
695707917166339_892176154186180,0,0,2
695707917166339_892012910869171,0,5,3
695707917166339_891682584235537,0,6,0
695707917166339_891986827538446,0,16,1
695707917166339_891413507595778,0,1,3
695707917166339_891359004267895,0,1,3
695707917166339_891591294244666,0,1,4
695707917166339_891389904264805,0,21,0
695707917166339_891358884267907,0,6,11
695707917166339_891575850912877,0,21,12
695707917166339_891162404287555,0,0,2
695707917166339_891100527627076,0,6,10
695707917166339_891252994278496,0,25,3
695707917166339_890342874369508,0,0,2
695707917166339_890342891036173,0,2,1
695707917166339_890706770999785,0,6,11
695707917166339_890233514380444,0,18,3
695707917166339_890257314378064,0,0,0
695707917166339_890198467717282,0,5,1
695707917166339_890341057703023,0,25,2
695707917166339_890173121053150,0,25,1
695707917166339_890004101070052,0,10,12
695707917166339_890233271047135,0,2,4
695707917166339_890198484383947,0,4,5
695707917166339_889772731093189,0,1,1
695707917166339_889425794461216,0,0,3
695707917166339_889411141129348,0,25,9
695707917166339_889476851122777,0,1,2
695707917166339_889425787794550,0,1,0
695707917166339_888649244538871,0,0,4
695707917166339_888819607855168,0,17,1
695707917166339_888846137852515,0,3,1
695707917166339_888832114520584,0,0,11
695707917166339_888671244536671,0,8,9
695707917166339_888832131187249,0,1,4
695707917166339_888525141217948,0,13,1
695707917166339_888309137906215,0,5,1
695707917166339_888371817899947,0,15,0
695707917166339_888371797899949,0,25,1
695707917166339_888387564565039,0,8,10
695707917166339_887942191276243,0,6,1
695707917166339_888117971258665,0,1,1
695707917166339_888168497920279,0,1,0
695707917166339_887942204609575,0,2,2
695707917166339_887923721278090,0,1,4
695707917166339_887618367975292,0,1,3
695707917166339_887568871313575,0,7,6
695707917166339_887905164613279,0,16,17
695707917166339_887618384641957,0,25,0
695707917166339_887624477974681,0,8,16
695707917166339_887884941281968,0,0,2
695707917166339_887689121301550,0,4,8
695707917166339_887568737980255,0,15,6
695707917166339_887298941340568,0,25,11
695707917166339_887229721347490,0,14,3
695707917166339_887469817990147,0,7,3
695707917166339_887292904674505,0,0,7
695707917166339_887393234664472,0,25,1
695707917166339_887159554687840,0,19,4
695707917166339_886798581390604,0,0,4
695707917166339_886727021397760,0,4,14
695707917166339_886665721403890,0,22,2
695707917166339_886672541403208,0,9,11
695707917166339_886770234726772,0,1,1
695707917166339_886748384728957,0,0,6
695707917166339_886319281438534,0,3,2
695707917166339_886554098081719,0,3,3
695707917166339_886095158127613,0,0,0
695707917166339_886170984786697,0,9,4
695707917166339_886086078128521,0,3,2
695707917166339_886109524792843,0,14,2
695707917166339_885831171487345,0,4,3
695707917166339_886061421464320,0,1,1
695707917166339_885515628185566,0,8,6
695707917166339_885356884868107,0,4,2
695707917166339_885356894868106,0,25,11
695707917166339_885319124871883,0,3,3
695707917166339_885131441557318,0,25,6
695707917166339_884849728252156,0,3,2
695707917166339_884875008249628,0,4,5
695707917166339_884892584914537,0,5,4
695707917166339_884929518244177,0,25,3
695707917166339_885003158236813,0,5,9
695707917166339_884762304927565,0,10,1
695707917166339_884849701585492,0,1,4
695707917166339_884683751602087,0,7,1
695707917166339_884762328260896,0,4,6
695707917166339_884786731591789,0,9,8
695707917166339_884652001605262,0,24,11
695707917166339_884678858269243,0,25,5
695707917166339_884482054955590,0,6,3
695707917166339_884280421642420,0,5,1
695707917166339_884405084963287,0,10,6
695707917166339_884296744974121,0,24,8
695707917166339_884404374963358,0,15,3
695707917166339_884426508294478,0,25,12
695707917166339_884261764977619,0,25,1
695707917166339_884226004981195,0,25,1
695707917166339_884094964994299,0,11,2
695707917166339_883970165006779,0,3,4
695707917166339_883890148348114,0,14,7
695707917166339_884079688329160,0,0,7
695707917166339_883951938341935,0,22,2
695707917166339_884009598336169,0,9,9
695707917166339_883809841689478,0,25,2
695707917166339_883626571707805,0,6,10
695707917166339_883626558374473,0,0,0
695707917166339_883756495028146,0,2,1
695707917166339_883593048377824,0,5,4
695707917166339_883278798409249,0,1,1
695707917166339_883279188409210,0,25,14
695707917166339_883525285051267,0,3,2
695707917166339_883521015051694,0,0,1
695707917166339_883543475049448,0,1,5
695707917166339_883202315083564,0,22,5
695707917166339_883233985080397,0,23,9
695707917166339_883138151756647,0,1,7
695707917166339_882906285113167,0,10,1
695707917166339_882906271779835,0,0,0
695707917166339_882883821782080,0,13,8
695707917166339_882450325158763,0,5,5
695707917166339_882689348468194,0,17,8
695707917166339_882463445157451,0,16,3
695707917166339_882458215157974,0,25,8
695707917166339_882447821825680,0,0,1
695707917166339_882351115168684,0,13,4
695707917166339_882423525161443,0,1,8
695707917166339_882423541828108,0,25,4
695707917166339_882181735185622,0,19,5
695707917166339_882160955187700,0,0,10
695707917166339_882146378522491,0,0,14
695707917166339_882134525190343,0,4,5
695707917166339_881913868545742,0,0,1
695707917166339_881913855212410,0,0,2
695707917166339_882019591868503,0,25,6
695707917166339_881630378574091,0,25,5
695707917166339_881768548560274,0,2,0
695707917166339_881854505218345,0,0,6
695707917166339_881768558560273,0,8,9
695707917166339_881697078567421,0,8,1
695707917166339_881583535245442,0,6,1
695707917166339_881546321915830,0,25,4
695707917166339_881552115248584,0,12,1
695707917166339_881516291918833,0,3,3
695707917166339_881516298585499,0,25,1
695707917166339_881299761940486,0,9,6
695707917166339_881339701936492,0,8,5
695707917166339_881496781920784,0,2,0
695707917166339_881473405256455,0,25,6
695707917166339_881331668603962,0,17,12
695707917166339_881233341947128,0,5,5
695707917166339_880843568652772,0,0,5
695707917166339_880946838642445,0,3,0
695707917166339_881213028615826,0,10,3
695707917166339_880680348669094,0,2,2
695707917166339_880363132034149,0,1,3
695707917166339_880598728677256,0,5,5
695707917166339_880597105344085,0,3,5
695707917166339_880604022010060,0,6,9
695707917166339_880160452054417,0,2,21
695707917166339_880120825391713,0,18,3
695707917166339_880160465387749,0,1,1
695707917166339_879116822158780,0,1,6
695707917166339_879258622144600,0,1,0
695707917166339_878225302247932,0,7,0
695707917166339_878304232240039,0,4,5
695707917166339_878399075563888,0,12,4
695707917166339_878072458929883,0,25,6
695707917166339_878037145600081,0,1,14
695707917166339_878173548919774,0,25,3
695707917166339_877777822292680,0,7,6
695707917166339_877515655652230,0,9,6
695707917166339_877421685661627,0,17,0
695707917166339_877449402325522,0,0,2
695707917166339_877452668991862,0,25,12
695707917166339_876946939042435,0,15,2
695707917166339_876800082390454,0,9,1
695707917166339_876846982385764,0,25,0
695707917166339_876800235723772,0,18,0
695707917166339_876991562371306,0,25,5
695707917166339_876516029085526,0,2,11
695707917166339_875705892499873,0,25,1
695707917166339_875153762555086,0,17,3
695707917166339_874909425912853,0,25,4
695707917166339_875153712555091,0,0,2
695707917166339_875041502566312,0,25,1
695707917166339_874999679237161,0,25,7
695707917166339_874703179266811,0,10,3
695707917166339_874756205928175,0,19,0
695707917166339_874860199251109,0,25,5
695707917166339_874703155933480,0,23,4
695707917166339_874812152589247,0,13,3
695707917166339_874860209251108,0,0,9
695707917166339_874738349263294,0,7,6
695707917166339_874368262633636,0,25,3
695707917166339_874398545963941,0,7,9
695707917166339_874619705941825,0,12,1
695707917166339_874345899302539,0,25,1
695707917166339_874322662638196,0,9,2
695707917166339_874275799309549,0,25,7
695707917166339_873517396052056,0,8,5
695707917166339_872904196113376,0,3,10
695707917166339_872921456111650,0,2,3
695707917166339_873300496073746,0,5,5
695707917166339_872638289473300,0,13,8
695707917166339_872550552815407,0,25,3
695707917166339_872254049511724,0,2,3
695707917166339_872215532848909,0,17,12
695707917166339_872401152830347,0,4,2
695707917166339_872401172830345,0,1,1
695707917166339_871979306205865,0,8,4
695707917166339_871867379550391,0,0,0
695707917166339_871627316241064,0,1,3
695707917166339_871668249570304,0,12,14
695707917166339_871239229613206,0,0,0
695707917166339_871184599618669,0,12,11
695707917166339_871380566265739,0,7,0
695707917166339_871438616259934,0,10,9
695707917166339_871417206262075,0,10,5
695707917166339_871084649628664,0,9,7
695707917166339_871147599622369,0,23,11
695707917166339_871084659628663,0,25,3
695707917166339_870781359658993,0,25,2
695707917166339_869958283074634,0,25,8
695707917166339_869685326435263,0,25,3
695707917166339_870046183065844,0,3,2
695707917166339_870026999734429,0,0,2
695707917166339_868624616541334,0,4,6
695707917166339_869260146477781,0,25,8
695707917166339_868794623191000,0,5,4
695707917166339_868060346597761,0,25,1
695707917166339_868060213264441,0,25,6
695707917166339_868296103240852,0,0,1
695707917166339_867657566638039,0,8,4
695707917166339_867698399967289,0,3,5
695707917166339_867682366635559,0,3,4
695707917166339_867613639975765,0,7,4
695707917166339_867779953292467,0,25,0
695707917166339_867682356635560,0,17,7
695707917166339_867598296643966,0,5,4
695707917166339_867130023357460,0,25,25
695707917166339_867253983345064,0,2,3
695707917166339_867253543345108,0,1,4
695707917166339_867102843360178,0,3,1
695707917166339_866956480041481,0,15,4
695707917166339_866712110065918,0,25,9
695707917166339_866553333415129,0,10,3
695707917166339_866657763404686,0,2,2
695707917166339_866506836753112,0,25,6
695707917166339_866162890120840,0,9,4
695707917166339_866196553450807,0,5,0
695707917166339_865975600139569,0,2,2
695707917166339_865810963489366,0,1,5
695707917166339_866005186803277,0,5,8
695707917166339_865821790154950,0,4,3
695707917166339_866004120136717,0,0,6
695707917166339_865353953535067,0,6,4
695707917166339_865144730222656,0,17,8
695707917166339_865294710207658,0,6,7
695707917166339_865666496837146,0,4,4
695707917166339_865448853525577,0,6,0
695707917166339_864696653600797,0,25,3
695707917166339_864784696925326,0,1,5
695707917166339_865109113559551,0,8,8
695707917166339_864867133583749,0,10,10
695707917166339_864727283597734,0,2,0
695707917166339_864776096926186,0,2,4
695707917166339_864749043595558,0,3,20
695707917166339_864640390273090,0,9,5
695707917166339_864391110298018,0,25,3
695707917166339_864502353620227,0,3,7
695707917166339_863943193676143,0,1,1
695707917166339_864028827000913,0,2,1
695707917166339_864093453661117,0,25,2
695707917166339_864125323657930,0,1,9
695707917166339_863926333677829,0,10,8
695707917166339_863929920344137,0,25,5
695707917166339_863852680351861,0,1,5
695707917166339_863696863700776,0,0,4
695707917166339_863689930368136,0,7,1
695707917166339_863562527047543,0,21,6
695707917166339_863718060365323,0,25,4
695707917166339_863852560351873,0,5,7
695707917166339_863646653705797,0,2,0
695707917166339_863689940368135,0,6,3
695707917166339_863220383748424,0,5,7
695707917166339_863265927077203,0,5,5
695707917166339_863265730410556,0,5,4
695707917166339_862904020446727,0,7,6
695707917166339_862599183810544,0,2,3
695707917166339_862749820462147,0,25,4
695707917166339_861966740540455,0,23,11
695707917166339_862441470492982,0,11,3
695707917166339_861840400553089,0,25,1
695707917166339_861818437221952,0,25,10
695707917166339_861348577268938,0,1,2
695707917166339_861384163932046,0,24,3
695707917166339_861378523932610,0,17,10
695707917166339_861147283955734,0,2,3
695707917166339_861037080633421,0,12,3
695707917166339_861072940629835,0,8,1
695707917166339_860696944000768,0,22,13
695707917166339_860713917332404,0,25,6
695707917166339_860960383974424,0,25,1
695707917166339_860960423974420,0,13,14
695707917166339_860717000665429,0,21,1
695707917166339_860713930665736,0,0,11
695707917166339_860505800686549,0,5,2
695707917166339_860035320733597,0,7,8
695707917166339_860296687374127,0,12,11
695707917166339_860325557371240,0,3,5
695707917166339_860383204032142,0,8,7
695707917166339_859953920741737,0,19,21
695707917166339_860034960733633,0,19,5
695707917166339_859916434078819,0,25,6
695707917166339_859492030787926,0,1,3
695707917166339_859510260786103,0,8,2
695707917166339_859479150789214,0,3,9
695707917166339_859176777486118,0,25,4
695707917166339_858525117551284,0,2,4
695707917166339_858610547542741,0,25,8
695707917166339_858762847527511,0,25,2
695707917166339_858610564209406,0,13,2
695707917166339_858253274245135,0,5,7
695707917166339_858251807578615,0,5,3
695707917166339_858253237578472,0,11,4
695707917166339_858117940925335,0,9,3
695707917166339_858333007570495,0,25,3
695707917166339_858145560922573,0,1,8
695707917166339_858279670909162,0,15,4
695707917166339_858005460936583,0,13,8
695707917166339_858117934258669,0,25,13
695707917166339_858094434261019,0,11,4
695707917166339_857607834309679,0,22,6
695707917166339_857307891006340,0,4,1
695707917166339_857127507691045,0,15,3
695707917166339_857237694346693,0,1,4
695707917166339_857306021006527,0,14,6
695707917166339_857127521024377,0,10,7
695707917166339_857098054360657,0,25,7
695707917166339_857121677691628,0,25,3
695707917166339_857121691024960,0,4,2
695707917166339_856848394385623,0,0,6
695707917166339_856724784397984,0,0,1
695707917166339_856809521056177,0,14,3
695707917166339_856656684404794,0,18,2
695707917166339_856423207761475,0,14,1
695707917166339_856053257798470,0,8,6
695707917166339_855793714491091,0,0,0
695707917166339_856053211131808,0,2,3
695707917166339_856053107798485,0,2,1
695707917166339_855523464518116,0,25,9
695707917166339_855362671200862,0,25,4
695707917166339_855658097837986,0,2,3
695707917166339_855524957851300,0,2,11
695707917166339_855184117885384,0,25,1
695707917166339_855673181169811,0,0,0
695707917166339_854746391262490,0,15,2
695707917166339_854746357929160,0,6,3
695707917166339_854746344595828,0,16,2
695707917166339_854816381255491,0,0,1
695707917166339_854819957921800,0,7,4
695707917166339_854449504625512,0,15,6
695707917166339_854450194625443,0,25,3
695707917166339_854486351288494,0,6,10
695707917166339_854359091301220,0,1,4
695707917166339_854449384625524,0,6,2
695707917166339_854269047976891,0,5,3
695707917166339_854468997956896,0,1,0
695707917166339_854035168000279,0,3,4
695707917166339_854080107995785,0,3,2
695707917166339_854010634669399,0,22,4
695707917166339_853672218036574,0,9,8
695707917166339_853616531375476,0,11,5
695707917166339_853389694731493,0,7,2
695707917166339_853420051395124,0,1,1
695707917166339_853433644727098,0,16,0
695707917166339_853433651393764,0,10,1
695707917166339_853196588084137,0,7,0
695707917166339_852333928170403,0,4,1
695707917166339_852587954811667,0,25,8
695707917166339_852540234816439,0,4,2
695707917166339_852045404865922,0,0,2
695707917166339_851711714899291,0,12,7
695707917166339_851392944931168,0,4,6
695707917166339_851640158239780,0,0,5
695707917166339_851291234941339,0,25,7
695707917166339_850865564983906,0,0,2
695707917166339_851195348284261,0,4,6
695707917166339_849623705108092,0,4,4
695707917166339_850018431735286,0,0,6
695707917166339_849550285115434,0,18,4
695707917166339_849550275115435,0,2,0
695707917166339_849259618477834,0,7,0
695707917166339_849621771774952,0,5,1
695707917166339_849477378456058,0,1,3
695707917166339_849223705148092,0,0,2
695707917166339_848770935193369,0,7,0
695707917166339_848593825211080,0,19,1
695707917166339_848707855199677,0,5,0
695707917166339_848707088533087,0,0,4
695707917166339_848181335252329,0,25,2
695707917166339_847959538607842,0,0,1
695707917166339_847975198606276,0,4,4
695707917166339_848048461932283,0,10,4
695707917166339_848096888594107,0,0,5
695707917166339_847625638641232,0,1,3
695707917166339_847544195316043,0,1,4
695707917166339_847500771987052,0,10,2
695707917166339_847625648641231,0,3,6
695707917166339_847104935359969,0,25,6
695707917166339_847023768701419,0,25,5
695707917166339_846552722081857,0,6,4
695707917166339_846070328796763,0,11,1
695707917166339_846035962133533,0,9,10
695707917166339_845837542153375,0,17,2
695707917166339_845832628820533,0,8,5
695707917166339_845913652145764,0,0,3
695707917166339_845913662145763,0,5,4
695707917166339_845896102147519,0,1,6
695707917166339_845851755485287,0,5,9
695707917166339_845482478855548,0,1,1
695707917166339_845406272196502,0,25,3
695707917166339_844707888933007,0,19,8
695707917166339_845439298859866,0,12,3
695707917166339_844642985606164,0,0,1
695707917166339_844586062278523,0,8,3
695707917166339_844597358944060,0,3,2
695707917166339_844085892328540,0,15,1
695707917166339_844317628972033,0,12,25
695707917166339_844138345656628,0,6,2
695707917166339_843574799046316,0,10,5
695707917166339_843863475684115,0,9,10
695707917166339_843775552359574,0,21,3
695707917166339_843801739023622,0,0,0
695707917166339_842143709189425,0,17,0
695707917166339_842114499192346,0,4,8
695707917166339_842448749158921,0,2,3
695707917166339_842894349114361,0,8,3
695707917166339_842100235860439,0,4,5
695707917166339_841564072580722,0,25,6
695707917166339_841591929244603,0,0,2
695707917166339_842090182528111,0,2,1
695707917166339_840916392645490,0,25,5
695707917166339_840777435992719,0,0,3
695707917166339_840793272657802,0,9,6
695707917166339_840748402662289,0,4,7
695707917166339_840516096018853,0,1,3
695707917166339_839974159406380,0,0,3
695707917166339_840071062730023,0,25,6
695707917166339_840361786034284,0,0,2
695707917166339_839450986125364,0,0,8
695707917166339_838694742867655,0,6,2
695707917166339_838637002873429,0,5,1
695707917166339_838503656220097,0,0,0
695707917166339_838003309603465,0,7,2
695707917166339_838119806258482,0,7,0
695707917166339_837471206323342,0,0,0
695707917166339_837688259634970,0,9,0
695707917166339_836681059735690,0,0,1
695707917166339_837043933032736,0,2,3
695707917166339_836447333092396,0,3,0
695707917166339_836082189795577,0,12,2
695707917166339_836097143127415,0,0,6
695707917166339_835691049834691,0,25,4
695707917166339_835760619827734,0,18,6
695707917166339_835742919829504,0,14,15
695707917166339_835745929829203,0,9,1
695707917166339_835846839819112,0,2,3
695707917166339_835846816485781,0,25,7
695707917166339_835742939829502,0,0,1
695707917166339_836067899797006,0,0,3
695707917166339_835675553169574,0,8,4
695707917166339_835338239869972,0,4,3
695707917166339_835307339873062,0,0,0
695707917166339_835391489864647,0,9,1
695707917166339_835661269837669,0,1,3
695707917166339_835198466550616,0,1,1
695707917166339_834956686574794,0,25,4
695707917166339_834888526581610,0,25,5
695707917166339_834555059948290,0,5,14
695707917166339_834775046592958,0,25,1
695707917166339_834871886583274,0,0,4
695707917166339_834160763321053,0,0,0
695707917166339_834420249961771,0,12,2
695707917166339_834384316632031,0,12,7
695707917166339_834116486658814,0,6,0
695707917166339_834041346666328,0,2,1
695707917166339_834131476657315,0,3,3
695707917166339_834064299997366,0,5,1
695707917166339_834080133329116,0,12,4
695707917166339_834160566654406,0,2,2
695707917166339_834003426670120,0,0,1
695707917166339_833597510044045,0,0,4
695707917166339_834003173336812,0,25,3
695707917166339_833568753380254,0,1,2
695707917166339_833688436701619,0,0,9
695707917166339_833552630048533,0,25,6
695707917166339_833539343383195,0,25,0
695707917166339_833289596741503,0,1,2
695707917166339_833317600072036,0,1,6
695707917166339_833105290093267,0,5,2
695707917166339_833289183408211,0,7,6
695707917166339_833105143426615,0,2,0
695707917166339_833257353411394,0,25,10
695707917166339_833195803417549,0,25,0
695707917166339_833178093419320,0,11,3
695707917166339_833047486765714,0,20,5
695707917166339_833068110096985,0,25,2
695707917166339_833076573429472,0,5,3
695707917166339_833076393429490,0,2,3
695707917166339_833084700095326,0,8,2
695707917166339_832861903450939,0,25,10
695707917166339_832895283447601,0,3,1
695707917166339_832830016787461,0,1,5
695707917166339_832896386780824,0,0,0
695707917166339_832748646795598,0,8,2
695707917166339_832622226808240,0,23,8
695707917166339_832748850128911,0,14,1
695707917166339_832739383463191,0,1,0
695707917166339_832748780128918,0,12,6
695707917166339_832613683475761,0,25,11
695707917166339_832334053503724,0,21,6
695707917166339_832333786837084,0,0,3
695707917166339_832615223475607,0,0,3
695707917166339_832613866809076,0,7,1
695707917166339_832251443511985,0,14,5
695707917166339_832252423511887,0,7,2
695707917166339_832251543511975,0,0,1
695707917166339_832247706845692,0,25,4
695707917166339_832252806845182,0,16,3
695707917166339_831894296881033,0,6,1
695707917166339_831944833542646,0,25,3
695707917166339_831896100214186,0,1,7
695707917166339_831940666876396,0,24,5
695707917166339_831803736890089,0,25,3
695707917166339_831866130217183,0,0,3
695707917166339_831780613559068,0,25,3
695707917166339_831614303575699,0,25,3
695707917166339_831613620242434,0,11,3
695707917166339_831614660242330,0,25,2
695707917166339_831238843613245,0,9,5
695707917166339_831602900243506,0,0,1
695707917166339_831240990279697,0,5,8
695707917166339_831615083575621,0,3,1
695707917166339_831613816909081,0,0,0
695707917166339_831239056946557,0,0,1
695707917166339_831049793632150,0,7,1
695707917166339_831079253629204,0,4,2
695707917166339_831192536951209,0,1,4
695707917166339_831084593628670,0,14,0
695707917166339_831084283628701,0,0,2
695707917166339_831193960284400,0,6,4
695707917166339_831193556951107,0,6,4
695707917166339_830958823641247,0,0,1
695707917166339_830960316974431,0,12,16
695707917166339_831047876965675,0,5,8
695707917166339_830959186974544,0,2,2
695707917166339_831047110299085,0,18,3
695707917166339_830527503684379,0,1,2
695707917166339_830958453641284,0,2,0
695707917166339_830513490352447,0,9,3
695707917166339_830514243685705,0,6,3
695707917166339_830631123674017,0,0,1
695707917166339_830486787021784,0,0,2
695707917166339_830456487024814,0,2,0
695707917166339_830488750354921,0,1,2
695707917166339_830431737027289,0,25,1
695707917166339_830457013691428,0,5,4
695707917166339_830340777036385,0,25,7
695707917166339_830380153699114,0,10,0
695707917166339_830334790370317,0,0,10
695707917166339_829435493793580,0,0,1
695707917166339_829471267123336,0,2,1
695707917166339_829434877126975,0,0,4
695707917166339_829450360458760,0,25,5
695707917166339_829383087132154,0,6,1
695707917166339_829390537131409,0,25,13
695707917166339_829370707133392,0,24,0
695707917166339_829368313800298,0,5,1
695707917166339_829368353800294,0,0,1
695707917166339_829370013800128,0,0,1
695707917166339_829369283800201,0,1,2
695707917166339_829369533800176,0,1,0
695707917166339_829372600466536,0,0,0
695707917166339_829372127133250,0,3,0
695707917166339_829307053806424,0,23,3
695707917166339_829292667141196,0,0,4
695707917166339_829263163810813,0,0,1
695707917166339_829298777140585,0,24,0
695707917166339_829170213820108,0,4,1
695707917166339_829171200486676,0,7,1
695707917166339_829170990486697,0,13,1
695707917166339_829171273820002,0,11,3
695707917166339_829170970486699,0,7,1
695707917166339_828980553839074,0,16,0
695707917166339_828980580505738,0,0,1
695707917166339_828935153843614,0,3,1
695707917166339_828950733842056,0,4,0
695707917166339_828916187178844,0,0,1
695707917166339_828920190511777,0,3,3
695707917166339_828853143851815,0,10,2
695707917166339_828907010513095,0,2,0
695707917166339_828868957183567,0,2,0
695707917166339_828882630515533,0,0,4
695707917166339_828869033850226,0,2,0
695707917166339_828903277180135,0,0,6
695707917166339_828900853847044,0,2,1
695707917166339_828868997183563,0,2,2
695707917166339_828894327181030,0,2,0
695707917166339_828900883847041,0,25,4
695707917166339_828825883854541,0,2,0
695707917166339_828852907185172,0,3,0
695707917166339_828843053852824,0,2,1
695707917166339_828852887185174,0,0,0
695707917166339_828852877185175,0,0,0
695707917166339_828853090518487,0,13,2
695707917166339_828852863851843,0,2,0
695707917166339_828771910526605,0,0,2
695707917166339_828783487192114,0,8,1
695707917166339_828783053858824,0,22,10
695707917166339_828790027191460,0,0,0
695707917166339_828783103858819,0,25,4
695707917166339_828702003866929,0,8,4
695707917166339_828701967200266,0,25,5
695707917166339_828709487199514,0,0,1
695707917166339_828702297200233,0,0,0
695707917166339_828681260535670,0,10,1
695707917166339_828680897202373,0,23,0
695707917166339_828530967217366,0,9,2
695707917166339_828489900554806,0,6,3
695707917166339_828680863869043,0,25,4
695707917166339_828676583869471,0,0,1
695707917166339_828676733869456,0,2,0
695707917166339_828676857202777,0,1,0
695707917166339_828676647202798,0,3,1
695707917166339_828460547224408,0,2,0
695707917166339_828485870555209,0,0,4
695707917166339_828475317222931,0,0,2
695707917166339_828475170556279,0,1,1
695707917166339_828460450557751,0,6,0
695707917166339_828432780560518,0,2,1
695707917166339_828438243893305,0,7,0
695707917166339_828328013904328,0,4,2
695707917166339_828357307234732,0,25,1
695707917166339_828329373904192,0,2,13
695707917166339_828353110568485,0,4,1
695707917166339_828317503905379,0,1,0
695707917166339_828317580572038,0,1,1
695707917166339_828317737238689,0,5,20
695707917166339_828316907238772,0,1,2
695707917166339_828245490579247,0,2,1
695707917166339_828316940572102,0,1,0
695707917166339_828245400579256,0,2,1
695707917166339_828158773921252,0,2,2
695707917166339_828204960583300,0,0,0
695707917166339_828199623917167,0,3,1
695707917166339_828245070579289,0,0,2
695707917166339_828207673916362,0,0,1
695707917166339_828245137245949,0,9,1
695707917166339_828191430584653,0,23,6
695707917166339_828079283929201,0,4,1
695707917166339_828158573921272,0,6,1
695707917166339_828158553921274,0,0,8
695707917166339_828079100595886,0,8,0
695707917166339_828078310595965,0,0,1
695707917166339_827982370605559,0,7,3
695707917166339_827951557275307,0,7,0
695707917166339_827962733940856,0,2,0
695707917166339_827966027273860,0,0,0
695707917166339_827966000607196,0,0,0
695707917166339_827951357275327,0,0,0
695707917166339_827951343941995,0,0,2
695707917166339_827955947274868,0,14,11
695707917166339_827887463948383,0,6,2
695707917166339_827903653946764,0,0,0
695707917166339_827948157275647,0,3,1
695707917166339_827887427281720,0,1,1
695707917166339_827887440615052,0,25,1
695707917166339_827903737280089,0,14,0
695707917166339_827809973956132,0,3,0
695707917166339_827860143951115,0,25,4
695707917166339_827860727284390,0,6,2
695707917166339_827809910622805,0,11,9
695707917166339_827749667295496,0,6,0
695707917166339_827771220626674,0,25,1
695707917166339_827751050628691,0,7,3
695707917166339_827751210628675,0,4,3
695707917166339_827689347301528,0,4,1
695707917166339_827680637302399,0,0,3
695707917166339_827445150659281,0,4,2
695707917166339_827651923971937,0,19,2
695707917166339_827445507325912,0,2,3
695707917166339_827649723972157,0,2,0
695707917166339_827442560659540,0,3,6
695707917166339_827445477325915,0,1,3
695707917166339_827445423992587,0,6,9
695707917166339_827389460664850,0,10,0
695707917166339_827441917326271,0,1,0
695707917166339_827380330665763,0,1,3
695707917166339_827389330664863,0,3,3
695707917166339_827353520668444,0,7,0
695707917166339_827441843992945,0,7,1
695707917166339_827353440668452,0,1,3
695707917166339_827349304002199,0,8,2
695707917166339_827230764014053,0,1,0
695707917166339_827240747346388,0,3,1
695707917166339_827230954014034,0,0,0
695707917166339_827269637343499,0,0,0
695707917166339_827353317335131,0,25,5
695707917166339_827282687342194,0,2,0
695707917166339_827351394001990,0,3,2
695707917166339_827316510672145,0,10,0
695707917166339_827269747343488,0,25,2
695707917166339_827328854004244,0,4,3
695707917166339_827333907337072,0,11,0
695707917166339_827157980687998,0,0,0
695707917166339_827157857354677,0,16,1
695707917166339_827230494014080,0,25,2
695707917166339_826941770709619,0,0,0
695707917166339_826892137381249,0,0,1
695707917166339_826941247376338,0,0,1
695707917166339_826941387376324,0,1,0
695707917166339_826890967381366,0,0,0
695707917166339_826923117378151,0,4,2
695707917166339_826941290709667,0,2,0
695707917166339_826892104047919,0,25,2
695707917166339_826941660709630,0,0,1
695707917166339_826736574063472,0,2,0
695707917166339_826753400728456,0,0,4
695707917166339_826773804059749,0,4,2
695707917166339_826736710730125,0,6,2
695707917166339_826769207393542,0,8,1
695707917166339_826717350732061,0,8,1
695707917166339_826758927394570,0,3,2
695707917166339_826786774058452,0,0,10
695707917166339_826754147395048,0,10,5
695707917166339_826736550730141,0,0,1
695707917166339_826611154076014,0,0,2
695707917166339_826685817401881,0,0,0
695707917166339_826693000734496,0,13,2
695707917166339_826695804067549,0,0,3
695707917166339_826650994072030,0,17,0
695707917166339_826611177409345,0,1,0
695707917166339_826695000734296,0,25,0
695707917166339_826611570742639,0,6,1
695707917166339_826640370739759,0,0,0
695707917166339_826656164071513,0,1,0
695707917166339_826405590763237,0,1,0
695707917166339_826381294099000,0,24,7
695707917166339_826387604098369,0,4,0
695707917166339_826575924079537,0,8,3
695707917166339_826405620763234,0,5,2
695707917166339_826405604096569,0,1,0
695707917166339_826360040767792,0,0,5
695707917166339_826405950763201,0,11,3
695707917166339_826338794103250,0,1,0
695707917166339_826254780778318,0,25,4
695707917166339_826288404108289,0,25,3
695707917166339_826156494121480,0,3,8
695707917166339_826204827449980,0,4,0
695707917166339_826214344115695,0,7,1
695707917166339_826219787448484,0,7,0
695707917166339_826230240780772,0,3,5
695707917166339_826148160788980,0,15,0
695707917166339_826227084114421,0,25,0
695707917166339_826216434115486,0,3,1
695707917166339_826211884115941,0,2,0
695707917166339_826199524117177,0,8,1
695707917166339_826233514113778,0,7,0
695707917166339_825863847484078,0,24,4
695707917166339_825826167487846,0,0,3
695707917166339_826049754132154,0,10,0
695707917166339_825822880821508,0,0,0
695707917166339_825846097485853,0,6,1
695707917166339_826131257457337,0,22,0
695707917166339_825743567496106,0,11,0
695707917166339_825782860825510,0,2,8
695707917166339_825799174157212,0,7,1
695707917166339_825745387495924,0,0,2
695707917166339_825807057489757,0,8,1
695707917166339_825753507495112,0,1,0
695707917166339_825748300828966,0,9,0
695707917166339_825755624161567,0,9,0
695707917166339_825641047506358,0,7,0
695707917166339_825661774170952,0,6,0
695707917166339_825690030834793,0,8,1
695707917166339_825694350834361,0,0,1
695707917166339_825656864171443,0,3,0
695707917166339_825732477497215,0,0,0
695707917166339_825650464172083,0,10,0
695707917166339_825721170831679,0,5,0
695707917166339_825657724171357,0,1,1
695707917166339_825704460833350,0,19,0
695707917166339_825677530836043,0,0,0
695707917166339_825635854173544,0,1,0
695707917166339_825408690862927,0,8,0
695707917166339_825409104196219,0,12,1
695707917166339_825580684179061,0,11,2
695707917166339_825619340841862,0,5,0
695707917166339_825408634196266,0,0,0
695707917166339_825570057513457,0,3,1
695707917166339_825617487508714,0,0,0
695707917166339_825627254174404,0,0,0
695707917166339_825628570840939,0,25,1
695707917166339_825278034209326,0,2,0
695707917166339_825223180881478,0,9,2
695707917166339_825196507550812,0,6,1
695707917166339_825305834206546,0,1,0
695707917166339_825271730876623,0,25,0
695707917166339_825287910875005,0,3,0
695707917166339_825295634207566,0,2,3
695707917166339_825184107552052,0,3,0
695707917166339_825133384223791,0,3,0
695707917166339_825120574225072,0,5,0
695707917166339_825111960892600,0,4,1
695707917166339_825116817558781,0,10,7
695707917166339_825101254227004,0,10,1
695707917166339_825130177557445,0,7,4
695707917166339_825123994224730,0,25,0
695707917166339_824855960918200,0,25,5
695707917166339_825034880900308,0,6,0
695707917166339_825045297565933,0,7,1
695707917166339_825093190894477,0,12,2
695707917166339_825078037562659,0,11,2
695707917166339_825093137561149,0,16,6
695707917166339_824860640917732,0,0,2
695707917166339_825036190900177,0,17,1
695707917166339_824791080924688,0,0,0
695707917166339_824842530919543,0,7,3
695707917166339_824672577603205,0,11,0
695707917166339_824590010944795,0,4,5
695707917166339_824651187605344,0,4,1
695707917166339_824554300948366,0,0,0
695707917166339_824659470937849,0,20,2
695707917166339_824573167613146,0,16,0
695707917166339_824669537603509,0,6,0
695707917166339_824676144269515,0,0,1
695707917166339_824250017645461,0,19,0
695707917166339_824496390954157,0,17,3
695707917166339_824243014312828,0,18,1
695707917166339_824537220950074,0,5,2
695707917166339_824523214284808,0,18,1
695707917166339_824535637616899,0,5,1
695707917166339_824245434312586,0,23,0
695707917166339_824149667655496,0,3,0
695707917166339_824081430995653,0,25,4
695707917166339_824086437661819,0,25,0
695707917166339_824039257666537,0,7,3
695707917166339_823642937706169,0,25,2
695707917166339_823602151043581,0,3,2
695707917166339_823255461078250,0,12,1
695707917166339_823525741051222,0,6,3
695707917166339_823606797709783,0,10,0
695707917166339_823271271076669,0,5,3
695707917166339_823428324394297,0,5,3
695707917166339_823263861077410,0,1,0
695707917166339_823462931057503,0,6,2
695707917166339_823595007710962,0,0,0
695707917166339_823152424421887,0,1,0
695707917166339_823135291090267,0,13,0
695707917166339_823042924432837,0,0,0
695707917166339_823046804432449,0,1,0
695707917166339_823053821098414,0,5,6
695707917166339_823059001097896,0,0,0
695707917166339_823209894416140,0,2,2
695707917166339_823112314425898,0,9,2
695707917166339_823156661088130,0,6,3
695707917166339_823127051091091,0,25,1
695707917166339_823203531083443,0,7,4
695707917166339_822795071124289,0,1,0
695707917166339_822762604460869,0,2,0
695707917166339_822789494458180,0,15,7
695707917166339_822786521125144,0,3,0
695707917166339_823010951102701,0,25,6
695707917166339_822730241130772,0,17,0
695707917166339_822227017847761,0,11,0
695707917166339_822369457833517,0,2,1
695707917166339_822306121173184,0,9,1
695707917166339_822311304505999,0,1,0
695707917166339_822278651175931,0,8,2
695707917166339_822482914488838,0,20,2
695707917166339_822545057815957,0,1,0
695707917166339_822231564513973,0,12,2
695707917166339_822327644504365,0,14,2
695707917166339_822503644486765,0,0,0
695707917166339_822111427859320,0,1,0
695707917166339_822210391182757,0,3,1
695707917166339_822043227866140,0,5,1
695707917166339_822011054536024,0,17,0
695707917166339_822140327856430,0,2,1
695707917166339_822052181198578,0,11,1
695707917166339_822144144522715,0,0,0
695707917166339_822066297863833,0,0,0
695707917166339_822063424530787,0,9,1
695707917166339_822175007852962,0,6,1
695707917166339_822115531192243,0,7,1
695707917166339_821799507890512,0,13,0
695707917166339_821801994556930,0,2,2
695707917166339_821592987911164,0,16,0
695707917166339_821620431241753,0,8,2
695707917166339_821797167890746,0,5,6
695707917166339_821631557907307,0,6,7
695707917166339_821795651224231,0,2,0
695707917166339_821691537901309,0,19,2
695707917166339_821501631253633,0,3,0
695707917166339_821558564581273,0,25,6
695707917166339_821141811289615,0,13,1
695707917166339_821262407944222,0,14,4
695707917166339_821164494620680,0,0,6
695707917166339_820565451347251,0,25,2
695707917166339_820673941336402,0,0,2
695707917166339_820688711334925,0,0,0
695707917166339_821063694630760,0,3,0
695707917166339_820586814678448,0,0,0
695707917166339_821018554635274,0,1,0
695707917166339_820641388006324,0,25,4
695707917166339_820168671386929,0,3,0
695707917166339_820247258045737,0,4,0
695707917166339_820554551348341,0,13,3
695707917166339_820489028021560,0,0,1
695707917166339_820232478047215,0,4,1
695707917166339_820220724715057,0,4,2
695707917166339_820039831399813,0,0,0
695707917166339_820168618053601,0,6,1
695707917166339_820049661398830,0,6,0
695707917166339_820039768066486,0,0,0
695707917166339_819831861420610,0,1,1
695707917166339_819962688074194,0,12,0
695707917166339_819515218118941,0,1,1
695707917166339_819552354781894,0,3,0
695707917166339_819541384782991,0,8,0
695707917166339_819535881450208,0,25,5
695707917166339_819505298119933,0,13,1
695707917166339_819502041453592,0,12,0
695707917166339_819166468153816,0,2,0
695707917166339_819320384805091,0,3,0
695707917166339_819428251460971,0,1,3
695707917166339_819470258123437,0,0,1
695707917166339_819122764824853,0,6,2
695707917166339_818979834839146,0,1,0
695707917166339_819133831490413,0,1,0
695707917166339_819066474830482,0,1,0
695707917166339_818920311511765,0,1,0
695707917166339_819026824834447,0,1,0
695707917166339_818639014873228,0,16,2
695707917166339_818371424899987,0,7,5
695707917166339_818544181549378,0,0,0
695707917166339_818509828219480,0,5,0
695707917166339_818677178202745,0,0,2
695707917166339_818564011547395,0,0,0
695707917166339_818496748220788,0,15,0
695707917166339_818623428208120,0,0,0
695707917166339_818649608205502,0,2,0
695707917166339_818544408216022,0,8,0
695707917166339_818351874901942,0,1,1
695707917166339_818677731536023,0,5,0
695707917166339_818496911554105,0,2,0
695707917166339_818320794905050,0,10,0
695707917166339_818237744913355,0,0,0
695707917166339_818237568246706,0,0,0
695707917166339_818237768246686,0,3,1
695707917166339_818237391580057,0,1,0
695707917166339_818134114923718,0,0,0
695707917166339_818237724913357,0,3,0
695707917166339_818140911589705,0,5,1
695707917166339_818147811589015,0,5,2
695707917166339_818091268261336,0,0,0
695707917166339_817983161605480,0,12,1
695707917166339_817966031607193,0,24,2
695707917166339_818108994926230,0,25,5
695707917166339_817942508276212,0,16,1
695707917166339_817942534942876,0,1,0
695707917166339_817966008273862,0,7,3
695707917166339_818070191596777,0,9,8
695707917166339_818075868262876,0,7,0
695707917166339_817979274939202,0,9,0
695707917166339_818094568261006,0,2,1
695707917166339_818047244932405,0,1,0
695707917166339_817681274969002,0,5,0
695707917166339_817942418276221,0,0,0
695707917166339_817717181632078,0,3,1
695707917166339_817714731632323,0,7,0
695707917166339_817942391609557,0,0,0
